50,150,0.2,0.5,0.7,5,0.46,100
120,150,0.2,0.5,0.7,5,3.9,100
116,150,0.2,0.5,0.7,5,3.3,100
95,150,0.2,0.5,0.7,5,2.83,100
12,150,0.2,0.5,0.7,5,0.53,100
57,150,0.2,0.5,0.7,5,0.88,100
103,150,0.2,0.5,0.7,5,1.72,100
97,150,0.2,0.5,0.7,5,3.84,100
1,150,0.2,0.5,0.7,5,0.72,100
117,150,0.2,0.5,0.7,5,3.84,100
110,150,0.2,0.5,0.7,5,3.09,100
1,150,0.2,0.5,0.7,5,0.27,100
117,150,0.2,0.5,0.7,5,3.06,100
67,150,0.2,0.5,0.7,5,1.66,100
108,150,0.2,0.5,0.7,5,2.25,100
1,150,0.2,0.5,0.7,5,0.46,100
119,150,0.2,0.5,0.7,5,3.03,100
113,150,0.2,0.5,0.7,5,3.1,100
117,150,0.2,0.5,0.7,5,4.71,100
120,150,0.2,0.5,0.7,5,4.65,100
69,150,0.2,0.5,0.7,5,0.38,100
118,150,0.2,0.5,0.7,5,3.24,100
109,150,0.2,0.5,0.7,5,2.47,100
118,150,0.2,0.5,0.7,5,3.65,100
32,150,0.2,0.5,0.7,5,0.42,100
113,150,0.2,0.5,0.7,5,4.43,100
119,150,0.2,0.5,0.7,5,3.7,100
113,150,0.2,0.5,0.7,5,3.74,100
116,150,0.2,0.5,0.7,5,3.04,100
83,150,0.2,0.5,0.7,5,1.49,100
119,150,0.2,0.5,0.7,5,4.47,100
1,150,0.2,0.5,0.7,5,1.2,100
2,150,0.2,0.5,0.7,5,1.16,100
97,150,0.2,0.5,0.7,5,2.22,100
20,150,0.2,0.5,0.7,5,1.96,100
11,150,0.2,0.5,0.7,5,1.91,100
109,150,0.2,0.5,0.7,5,2.32,100
112,150,0.2,0.5,0.7,5,4.55,100
113,150,0.2,0.5,0.7,5,3.15,100
14,150,0.2,0.5,0.7,5,0.34,100
110,150,0.2,0.5,0.7,5,3.31,100
104,150,0.2,0.5,0.7,5,3.87,100
113,150,0.2,0.5,0.7,5,2.94,100
94,150,0.2,0.5,0.7,5,1.82,100
120,150,0.2,0.5,0.7,5,4.39,100
119,150,0.2,0.5,0.7,5,3.53,100
1,150,0.2,0.5,0.7,5,0.53,100
104,150,0.2,0.5,0.7,5,2.37,100
115,150,0.2,0.5,0.7,5,4.85,100
120,150,0.2,0.5,0.7,5,4.66,100
105,150,0.2,0.5,0.7,5,1.21,100
3,150,0.2,0.5,0.7,5,1.75,100
113,150,0.2,0.5,0.7,5,3.18,100
105,150,0.2,0.5,0.7,5,0.77,100
102,150,0.2,0.5,0.7,5,1.09,100
119,150,0.2,0.5,0.7,5,4.65,100
28,150,0.2,0.5,0.7,5,0.13,100
112,150,0.2,0.5,0.7,5,2.63,100
2,150,0.2,0.5,0.7,5,0.93,100
1,150,0.2,0.5,0.7,5,0.28,100
114,150,0.2,0.5,0.7,5,3.49,100
106,150,0.2,0.5,0.7,5,2.94,100
114,150,0.2,0.5,0.7,5,3.17,100
118,150,0.2,0.5,0.7,5,4.26,100
1,150,0.2,0.5,0.7,5,0.48,100
120,150,0.2,0.5,0.7,5,4.35,100
114,150,0.2,0.5,0.7,5,2.7,100
117,150,0.2,0.5,0.7,5,2.63,100
106,150,0.2,0.5,0.7,5,3.17,100
117,150,0.2,0.5,0.7,5,4.32,100
1,150,0.2,0.5,0.7,5,0.3,100
108,150,0.2,0.5,0.7,5,1.74,100
90,150,0.2,0.5,0.7,5,1.5,100
119,150,0.2,0.5,0.7,5,3.99,100
56,150,0.2,0.5,0.7,5,0.34,100
118,150,0.2,0.5,0.7,5,3.85,100
1,150,0.2,0.5,0.7,5,0.09,100
118,150,0.2,0.5,0.7,5,3.3,100
111,150,0.2,0.5,0.7,5,2.74,100
118,150,0.2,0.5,0.7,5,4.57,100
110,150,0.2,0.5,0.7,5,1.82,100
114,150,0.2,0.5,0.7,5,2.27,100
117,150,0.2,0.5,0.7,5,2.7,100
106,150,0.2,0.5,0.7,5,1.61,100
102,150,0.2,0.5,0.7,5,1.5,100
34,150,0.2,0.5,0.7,5,0.7,100
110,150,0.2,0.5,0.7,5,3,100
74,150,0.2,0.5,0.7,5,0.83,100
115,150,0.2,0.5,0.7,5,3.71,100
105,150,0.2,0.5,0.7,5,3.67,100
119,150,0.2,0.5,0.7,5,4.81,100
120,150,0.2,0.5,0.7,5,4.06,100
105,150,0.2,0.5,0.7,5,2.2,100
120,150,0.2,0.5,0.7,5,4.79,100
115,150,0.2,0.5,0.7,5,2.98,100
120,150,0.2,0.5,0.7,5,4.24,100
117,150,0.2,0.5,0.7,5,2.98,100
115,150,0.2,0.5,0.7,5,2.56,100
107,150,0.2,0.5,0.7,5,1.94,100
1,150,0.2,0.5,0.7,5,1.66,100
111,150,0.2,0.5,0.7,5,2.26,100
1,150,0.2,0.5,0.7,5,0.35,100
113,150,0.2,0.5,0.7,5,2.35,100
117,150,0.2,0.5,0.7,5,3.3,100
112,150,0.2,0.5,0.7,5,2.61,100
49,150,0.2,0.5,0.7,5,1.51,100
117,150,0.2,0.5,0.7,5,3.47,100
119,150,0.2,0.5,0.7,5,3.77,100
117,150,0.2,0.5,0.7,5,3.49,100
1,150,0.2,0.5,0.7,5,0.41,100
111,150,0.2,0.5,0.7,5,2.34,100
115,150,0.2,0.5,0.7,5,3.53,100
84,150,0.2,0.5,0.7,5,2.16,100
118,150,0.2,0.5,0.7,5,4.28,100
3,150,0.2,0.5,0.7,5,0.56,100
107,150,0.2,0.5,0.7,5,1.64,100
112,150,0.2,0.5,0.7,5,3.22,100
15,150,0.2,0.5,0.7,5,0.92,100
115,150,0.2,0.5,0.7,5,4.35,100
116,150,0.2,0.5,0.7,5,2.16,100
1,150,0.2,0.5,0.7,5,0.25,100
10,150,0.2,0.5,0.7,5,2.8,100
113,150,0.2,0.5,0.7,5,1.76,100
116,150,0.2,0.5,0.7,5,4.71,100
113,150,0.2,0.5,0.7,5,2.54,100
116,150,0.2,0.5,0.7,5,2.86,100
115,150,0.2,0.5,0.7,5,4.24,100
118,150,0.2,0.5,0.7,5,3.48,100
1,150,0.2,0.5,0.7,5,0.36,100
110,150,0.2,0.5,0.7,5,2.64,100
119,150,0.2,0.5,0.7,5,3.47,100
1,150,0.2,0.5,0.7,5,1.7,100
105,150,0.2,0.5,0.7,5,2.45,100
40,150,0.2,0.5,0.7,5,0.9,100
1,150,0.2,0.5,0.7,5,2.66,100
112,150,0.2,0.5,0.7,5,2.85,100
110,150,0.2,0.5,0.7,5,2.59,100
88,150,0.2,0.5,0.7,5,2.14,100
119,150,0.2,0.5,0.7,5,3.99,100
116,150,0.2,0.5,0.7,5,2.89,100
119,150,0.2,0.5,0.7,5,3.4,100
76,150,0.2,0.5,0.7,5,1.09,100
93,150,0.2,0.5,0.7,5,1.88,100
108,150,0.2,0.5,0.7,5,1.05,100
116,150,0.2,0.5,0.7,5,3.74,100
2,150,0.2,0.5,0.7,5,0.79,100
120,150,0.2,0.5,0.7,5,3.91,100
111,150,0.2,0.5,0.7,5,1.34,100
91,150,0.2,0.5,0.7,5,0.64,100
1,150,0.2,0.5,0.7,5,0.33,100
108,150,0.2,0.5,0.7,5,1.46,100
7,150,0.2,0.5,0.7,5,3.17,100
34,150,0.2,0.5,0.7,5,0.09,100
117,150,0.2,0.5,0.7,5,2.97,100
119,150,0.2,0.5,0.7,5,4.32,100
117,150,0.2,0.5,0.7,5,4.8,100
107,150,0.2,0.5,0.7,5,1.75,100
111,150,0.2,0.5,0.7,5,2.78,100
79,150,0.2,0.5,0.7,5,0.88,100
1,150,0.2,0.5,0.7,5,0.91,100
1,150,0.2,0.5,0.7,5,0.32,100
83,150,0.2,0.5,0.7,5,0.24,100
45,150,0.2,0.5,0.7,5,0.67,100
7,150,0.2,0.5,0.7,5,0.06,100
97,150,0.2,0.5,0.7,5,1.32,100
114,150,0.2,0.5,0.7,5,4.01,100
114,150,0.2,0.5,0.7,5,3.39,100
115,150,0.2,0.5,0.7,5,3.51,100
112,150,0.2,0.5,0.7,5,1.8,100
109,150,0.2,0.5,0.7,5,2.67,100
107,150,0.2,0.5,0.7,5,3.51,100
105,150,0.2,0.5,0.7,5,2.35,100
112,150,0.2,0.5,0.7,5,2.78,100
113,150,0.2,0.5,0.7,5,1.92,100
115,150,0.2,0.5,0.7,5,2.8,100
114,150,0.2,0.5,0.7,5,2.21,100
112,150,0.2,0.5,0.7,5,4.35,100
115,150,0.2,0.5,0.7,5,3.45,100
116,150,0.2,0.5,0.7,5,4.08,100
103,150,0.2,0.5,0.7,5,4.72,100
108,150,0.2,0.5,0.7,5,1.67,100
1,150,0.2,0.5,0.7,5,1.21,100
100,150,0.2,0.5,0.7,5,1.42,100
29,150,0.2,0.5,0.7,5,1.07,100
71,150,0.2,0.5,0.7,5,1.2,100
120,150,0.2,0.5,0.7,5,4.01,100
104,150,0.2,0.5,0.7,5,3.86,100
116,150,0.2,0.5,0.7,5,4.05,100
119,150,0.2,0.5,0.7,5,4.26,100
98,150,0.2,0.5,0.7,5,2.61,100
119,150,0.2,0.5,0.7,5,4.25,100
3,150,0.2,0.5,0.7,5,2,100
2,150,0.2,0.5,0.7,5,1.03,100
91,150,0.2,0.5,0.7,5,1.58,100
77,150,0.2,0.5,0.7,5,1.66,100
33,150,0.2,0.5,0.7,5,1.34,100
82,150,0.2,0.5,0.7,5,0.05,100
115,150,0.2,0.5,0.7,5,2.99,100
3,150,0.2,0.5,0.7,5,1.5,100
110,150,0.2,0.5,0.7,5,4.18,100
113,150,0.2,0.5,0.7,5,3.02,100
116,150,0.2,0.5,0.7,5,2.73,100
116,150,0.2,0.5,0.7,5,4.03,100
101,150,0.2,0.5,0.7,5,0.8,100
53,150,0.2,0.5,0.7,5,0.45,100
1,150,0.2,0.5,0.7,5,0.38,100
1,150,0.2,0.5,0.7,5,0.63,100
66,150,0.2,0.5,0.7,5,0.27,100
115,150,0.2,0.5,0.7,5,2.51,100
108,150,0.2,0.5,0.7,5,2.98,100
114,150,0.2,0.5,0.7,5,1.76,100
87,150,0.2,0.5,0.7,5,2.23,100
33,150,0.2,0.5,0.7,5,1.85,100
108,150,0.2,0.5,0.7,5,2.89,100
42,150,0.2,0.5,0.7,5,0.83,100
118,150,0.2,0.5,0.7,5,3.3,100
117,150,0.2,0.5,0.7,5,2.99,100
72,150,0.2,0.5,0.7,5,1.39,100
82,150,0.2,0.5,0.7,5,2.37,100
111,150,0.2,0.5,0.7,5,3.18,100
113,150,0.2,0.5,0.7,5,3.97,100
15,150,0.2,0.5,0.7,5,1.46,100
115,150,0.2,0.5,0.7,5,4.4,100
1,150,0.2,0.5,0.7,5,0.4,100
110,150,0.2,0.5,0.7,5,1.9,100
113,150,0.2,0.5,0.7,5,4.75,100
79,150,0.2,0.5,0.7,5,1.09,100
110,150,0.2,0.5,0.7,5,1.88,100
102,150,0.2,0.5,0.7,5,2.35,100
95,150,0.2,0.5,0.7,5,1.25,100
116,150,0.2,0.5,0.7,5,2.31,100
117,150,0.2,0.5,0.7,5,3.83,100
115,150,0.2,0.5,0.7,5,4.23,100
105,150,0.2,0.5,0.7,5,3.4,100
116,150,0.2,0.5,0.7,5,4.68,100
77,150,0.2,0.5,0.7,5,2.66,100
109,150,0.2,0.5,0.7,5,2.17,100
7,150,0.2,0.5,0.7,5,0.29,100
1,150,0.2,0.5,0.7,5,0.07,100
2,150,0.2,0.5,0.7,5,0.59,100
118,150,0.2,0.5,0.7,5,3.75,100
117,150,0.2,0.5,0.7,5,3.75,100
112,150,0.2,0.5,0.7,5,1.76,100
1,150,0.2,0.5,0.7,5,1.17,100
66,150,0.2,0.5,0.7,5,1.13,100
115,150,0.2,0.5,0.7,5,3.66,100
1,150,0.2,0.5,0.7,5,0,100
108,150,0.2,0.5,0.7,5,2.86,100
116,150,0.2,0.5,0.7,5,4.22,100
106,150,0.2,0.5,0.7,5,1.88,100
119,150,0.2,0.5,0.7,5,3.8,100
99,150,0.2,0.5,0.7,5,4.04,100
2,150,0.2,0.5,0.7,5,0.67,100
118,150,0.2,0.5,0.7,5,4.83,100
119,150,0.2,0.5,0.7,5,4.8,100
110,150,0.2,0.5,0.7,5,2.79,100
118,150,0.2,0.5,0.7,5,3.75,100
119,150,0.2,0.5,0.7,5,4.45,100
34,150,0.2,0.5,0.7,5,1.02,100
116,150,0.2,0.5,0.7,5,3.06,100
109,150,0.2,0.5,0.7,5,2.04,100
107,150,0.2,0.5,0.7,5,3.26,100
113,150,0.2,0.5,0.7,5,2.02,100
117,150,0.2,0.5,0.7,5,2.44,100
118,150,0.2,0.5,0.7,5,3.99,100
4,150,0.2,0.5,0.7,5,1.47,100
1,150,0.2,0.5,0.7,5,0.19,100
95,150,0.2,0.5,0.7,5,2.22,100
119,150,0.2,0.5,0.7,5,4.2,100
115,150,0.2,0.5,0.7,5,3.8,100
116,150,0.2,0.5,0.7,5,3.62,100
105,150,0.2,0.5,0.7,5,2.36,100
116,150,0.2,0.5,0.7,5,2.83,100
114,150,0.2,0.5,0.7,5,2.07,100
111,150,0.2,0.5,0.7,5,3.33,100
1,150,0.2,0.5,0.7,5,0.69,100
112,150,0.2,0.5,0.7,5,1.78,100
117,150,0.2,0.5,0.7,5,4.49,100
2,150,0.2,0.5,0.7,5,0.96,100
1,150,0.2,0.5,0.7,5,0.69,100
118,150,0.2,0.5,0.7,5,4.48,100
93,150,0.2,0.5,0.7,5,1.8,100
104,150,0.2,0.5,0.7,5,2.58,100
95,150,0.2,0.5,0.7,5,1.5,100
117,150,0.2,0.5,0.7,5,4.43,100
116,150,0.2,0.5,0.7,5,1.43,100
118,150,0.2,0.5,0.7,5,3.87,100
109,150,0.2,0.5,0.7,5,2.62,100
1,150,0.2,0.5,0.7,5,0.4,100
54,150,0.2,0.5,0.7,5,0.04,100
61,150,0.2,0.5,0.7,5,1.09,100
17,150,0.2,0.5,0.7,5,2.99,100
119,150,0.2,0.5,0.7,5,2.02,100
119,150,0.2,0.5,0.7,5,4.02,100
1,150,0.2,0.5,0.7,5,0.9,100
109,150,0.2,0.5,0.7,5,2.25,100
115,150,0.2,0.5,0.7,5,3.1,100
102,150,0.2,0.5,0.7,5,3.02,100
120,150,0.2,0.5,0.7,5,4.12,100
114,150,0.2,0.5,0.7,5,2.78,100
103,150,0.2,0.5,0.7,5,1.55,100
59,150,0.2,0.5,0.7,5,0.86,100
102,150,0.2,0.5,0.7,5,1.17,100
89,150,0.2,0.5,0.7,5,2.01,100
4,150,0.2,0.5,0.7,5,0.33,100
115,150,0.2,0.5,0.7,5,3.91,100
1,150,0.2,0.5,0.7,5,0.54,100
109,150,0.2,0.5,0.7,5,2.44,100
110,150,0.2,0.5,0.7,5,1.96,100
115,150,0.2,0.5,0.7,5,3.82,100
115,150,0.2,0.5,0.7,5,2.83,100
90,150,0.2,0.5,0.7,5,2.29,100
75,150,0.2,0.5,0.7,5,1.68,100
111,150,0.2,0.5,0.7,5,1.97,100
117,150,0.2,0.5,0.7,5,1.94,100
94,150,0.2,0.5,0.7,5,1.98,100
116,150,0.2,0.5,0.7,5,2.25,100
118,150,0.2,0.5,0.7,5,3.28,100
71,150,0.2,0.5,0.7,5,2.2,100
100,150,0.2,0.5,0.7,5,0.87,100
39,150,0.2,0.5,0.7,5,0.72,100
119,150,0.2,0.5,0.7,5,3.57,100
1,150,0.2,0.5,0.7,5,0.64,100
109,150,0.2,0.5,0.7,5,0.93,100
1,150,0.2,0.5,0.7,5,0.27,100
1,150,0.2,0.5,0.7,5,0.49,100
113,150,0.2,0.5,0.7,5,4.18,100
1,150,0.2,0.5,0.7,5,0.05,100
115,150,0.2,0.5,0.7,5,2.34,100
114,150,0.2,0.5,0.7,5,2.52,100
113,150,0.2,0.5,0.7,5,3.6,100
94,150,0.2,0.5,0.7,5,1.18,100
94,150,0.2,0.5,0.7,5,1.27,100
82,150,0.2,0.5,0.7,5,0.58,100
114,150,0.2,0.5,0.7,5,3.68,100
99,150,0.2,0.5,0.7,5,2.65,100
103,150,0.2,0.5,0.7,5,1.65,100
1,150,0.2,0.5,0.7,5,0.14,100
73,150,0.2,0.5,0.7,5,1.13,100
109,150,0.2,0.5,0.7,5,3.57,100
7,150,0.2,0.5,0.7,5,0.16,100
103,150,0.2,0.5,0.7,5,2.61,100
69,150,0.2,0.5,0.7,5,1.12,100
1,150,0.2,0.5,0.7,5,4.58,100
115,150,0.2,0.5,0.7,5,2.82,100
1,150,0.2,0.5,0.7,5,0.12,100
97,150,0.2,0.5,0.7,5,2,100
51,150,0.2,0.5,0.7,5,0.2,100
105,150,0.2,0.5,0.7,5,1.5,100
60,150,0.2,0.5,0.7,5,0.48,100
2,150,0.2,0.5,0.7,5,0.03,100
1,150,0.2,0.5,0.7,5,0.77,100
115,150,0.2,0.5,0.7,5,3.57,100
116,150,0.2,0.5,0.7,5,3.12,100
108,150,0.2,0.5,0.7,5,2.75,100
97,150,0.2,0.5,0.7,5,1.31,100
1,150,0.2,0.5,0.7,5,1.54,100
2,150,0.2,0.5,0.7,5,0.37,100
116,150,0.2,0.5,0.7,5,3.45,100
116,150,0.2,0.5,0.7,5,3.89,100
106,150,0.2,0.5,0.7,5,1.35,100
97,150,0.2,0.5,0.7,5,1.17,100
114,150,0.2,0.5,0.7,5,3.79,100
98,150,0.2,0.5,0.7,5,1.95,100
115,150,0.2,0.5,0.7,5,3.09,100
117,150,0.2,0.5,0.7,5,3.97,100
110,150,0.2,0.5,0.7,5,2.47,100
119,150,0.2,0.5,0.7,5,4.02,100
112,150,0.2,0.5,0.7,5,2.45,100
49,150,0.2,0.5,0.7,5,0.21,100
115,150,0.2,0.5,0.7,5,3.64,100
119,150,0.2,0.5,0.7,5,3.6,100
102,150,0.2,0.5,0.7,5,1.05,100
98,150,0.2,0.5,0.7,5,0.85,100
104,150,0.2,0.5,0.7,5,1.22,100
88,150,0.2,0.5,0.7,5,1.89,100
114,150,0.2,0.5,0.7,5,2.95,100
110,150,0.2,0.5,0.7,5,2.43,100
22,150,0.2,0.5,0.7,5,0.71,100
109,150,0.2,0.5,0.7,5,3.64,100
110,150,0.2,0.5,0.7,5,3.94,100
113,150,0.2,0.5,0.7,5,2.61,100
46,150,0.2,0.5,0.7,5,0.06,100
109,150,0.2,0.5,0.7,5,2.01,100
107,150,0.2,0.5,0.7,5,1.43,100
119,150,0.2,0.5,0.7,5,4.92,100
81,150,0.2,0.5,0.7,5,0.35,100
4,150,0.2,0.5,0.7,5,1.42,100
105,150,0.2,0.5,0.7,5,1.88,100
1,150,0.2,0.5,0.7,5,1.76,100
120,150,0.2,0.5,0.7,5,4.58,100
24,150,0.2,0.5,0.7,5,0.72,100
119,150,0.2,0.5,0.7,5,4.22,100
3,150,0.2,0.5,0.7,5,0.49,100
107,150,0.2,0.5,0.7,5,1.53,100
119,150,0.2,0.5,0.7,5,3.89,100
82,150,0.2,0.5,0.7,5,0.81,100
108,150,0.2,0.5,0.7,5,1.76,100
115,150,0.2,0.5,0.7,5,3.58,100
119,150,0.2,0.5,0.7,5,4.41,100
115,150,0.2,0.5,0.7,5,4.13,100
97,150,0.2,0.5,0.7,5,0.91,100
112,150,0.2,0.5,0.7,5,1.56,100
119,150,0.2,0.5,0.7,5,4.21,100
114,150,0.2,0.5,0.7,5,3.31,100
114,150,0.2,0.5,0.7,5,3.15,100
115,150,0.2,0.5,0.7,5,4.14,100
105,150,0.2,0.5,0.7,5,2.21,100
1,150,0.2,0.5,0.7,5,0.03,100
110,150,0.2,0.5,0.7,5,3.23,100
109,150,0.2,0.5,0.7,5,2.99,100
114,150,0.2,0.5,0.7,5,3.21,100
109,150,0.2,0.5,0.7,5,1.78,100
116,150,0.2,0.5,0.7,5,3.88,100
119,150,0.2,0.5,0.7,5,3.94,100
118,150,0.2,0.5,0.7,5,4.79,100
118,150,0.2,0.5,0.7,5,2.75,100
2,150,0.2,0.5,0.7,5,0.63,100
91,150,0.2,0.5,0.7,5,1.16,100
1,150,0.2,0.5,0.7,5,0.46,100
104,150,0.2,0.5,0.7,5,1.39,100
116,150,0.2,0.5,0.7,5,4.48,100
104,150,0.2,0.5,0.7,5,1.35,100
15,150,0.2,0.5,0.7,5,1.25,100
18,150,0.2,0.5,0.7,5,0.73,100
114,150,0.2,0.5,0.7,5,3.79,100
95,150,0.2,0.5,0.7,5,0.48,100
118,150,0.2,0.5,0.7,5,4.03,100
111,150,0.2,0.5,0.7,5,4.01,100
110,150,0.2,0.5,0.7,5,4.7,100
119,150,0.2,0.5,0.7,5,4.46,100
118,150,0.2,0.5,0.7,5,3,100
9,150,0.2,0.5,0.7,5,1.19,100
7,150,0.2,0.5,0.7,5,0.49,100
117,150,0.2,0.5,0.7,5,4.32,100
107,150,0.2,0.5,0.7,5,3.32,100
117,150,0.2,0.5,0.7,5,3.73,100
109,150,0.2,0.5,0.7,5,1.94,100
113,150,0.2,0.5,0.7,5,4.02,100
111,150,0.2,0.5,0.7,5,4.14,100
116,150,0.2,0.5,0.7,5,2.81,100
1,150,0.2,0.5,0.7,5,0.42,100
3,150,0.2,0.5,0.7,5,1.62,100
120,150,0.2,0.5,0.7,5,3.85,100
2,150,0.2,0.5,0.7,5,2.74,100
1,150,0.2,0.5,0.7,5,0.52,100
113,150,0.2,0.5,0.7,5,3.24,100
118,150,0.2,0.5,0.7,5,3.35,100
114,150,0.2,0.5,0.7,5,3.13,100
89,150,0.2,0.5,0.7,5,1.79,100
2,150,0.2,0.5,0.7,5,1.42,100
104,150,0.2,0.5,0.7,5,1.48,100
117,150,0.2,0.5,0.7,5,3.34,100
2,150,0.2,0.5,0.7,5,0.63,100
115,150,0.2,0.5,0.7,5,2.95,100
110,150,0.2,0.5,0.7,5,2.33,100
109,150,0.2,0.5,0.7,5,1.58,100
118,150,0.2,0.5,0.7,5,4.85,100
117,150,0.2,0.5,0.7,5,2.89,100
120,150,0.2,0.5,0.7,5,4.59,100
112,150,0.2,0.5,0.7,5,3.37,100
85,150,0.2,0.5,0.7,5,0.96,100
3,150,0.2,0.5,0.7,5,0.69,100
117,150,0.2,0.5,0.7,5,4.77,100
115,150,0.2,0.5,0.7,5,4.78,100
118,150,0.2,0.5,0.7,5,4.34,100
98,150,0.2,0.5,0.7,5,2.83,100
106,150,0.2,0.5,0.7,5,2.19,100
116,150,0.2,0.5,0.7,5,4.63,100
95,150,0.2,0.5,0.7,5,2.3,100
118,150,0.2,0.5,0.7,5,4.52,100
106,150,0.2,0.5,0.7,5,2.51,100
116,150,0.2,0.5,0.7,5,4.34,100
5,150,0.2,0.5,0.7,5,1.14,100
117,150,0.2,0.5,0.7,5,3.28,100
111,150,0.2,0.5,0.7,5,2.58,100
51,150,0.2,0.5,0.7,5,0.17,100
101,150,0.2,0.5,0.7,5,4.16,100
111,150,0.2,0.5,0.7,5,1.22,100
118,150,0.2,0.5,0.7,5,4.51,100
114,150,0.2,0.5,0.7,5,3,100
119,150,0.2,0.5,0.7,5,3.62,100
67,150,0.2,0.5,0.7,5,1.33,100
108,150,0.2,0.5,0.7,5,3.86,100
120,150,0.2,0.5,0.7,5,4,100
21,150,0.2,0.5,0.7,5,2.65,100
83,150,0.2,0.5,0.7,5,1.18,100
15,150,0.2,0.5,0.7,5,0.1,100
16,150,0.2,0.5,0.7,5,2.37,100
116,150,0.2,0.5,0.7,5,2.21,100
94,150,0.2,0.5,0.7,5,0.38,100
1,150,0.2,0.5,0.7,5,0.48,100
1,150,0.2,0.5,0.7,5,0.16,100
114,150,0.2,0.5,0.7,5,3.61,100
108,150,0.2,0.5,0.7,5,3.12,100
115,150,0.2,0.5,0.7,5,3.68,100
118,150,0.2,0.5,0.7,5,3.29,100
115,150,0.2,0.5,0.7,5,3.95,100
108,150,0.2,0.5,0.7,5,3.57,100
119,150,0.2,0.5,0.7,5,4.76,100
113,150,0.2,0.5,0.7,5,2.36,100
26,150,0.2,0.5,0.7,5,0.99,100
116,150,0.2,0.5,0.7,5,4.74,100
116,150,0.2,0.5,0.7,5,4.08,100
119,150,0.2,0.5,0.7,5,4.73,100
117,150,0.2,0.5,0.7,5,4.04,100
112,150,0.2,0.5,0.7,5,2.05,100
4,150,0.2,0.5,0.7,5,0.74,100
27,150,0.2,0.5,0.7,5,1.09,100
108,150,0.2,0.5,0.7,5,1.53,100
114,150,0.2,0.5,0.7,5,2.73,100
120,150,0.2,0.5,0.7,5,3.58,100
69,150,0.2,0.5,0.7,5,0.39,100
115,150,0.2,0.5,0.7,5,1.79,100
101,150,0.2,0.5,0.7,5,1.5,100
118,150,0.2,0.5,0.7,5,3.29,100
112,150,0.2,0.5,0.7,5,2.88,100
117,150,0.2,0.5,0.7,5,4.9,100
119,150,0.2,0.5,0.7,5,4.84,100
117,150,0.2,0.5,0.7,5,4.33,100
105,150,0.2,0.5,0.7,5,0.81,100
105,150,0.2,0.5,0.7,5,1.22,100
118,150,0.2,0.5,0.7,5,4.29,100
113,150,0.2,0.5,0.7,5,2.08,100
108,150,0.2,0.5,0.7,5,2.51,100
101,150,0.2,0.5,0.7,5,3.1,100
3,150,0.2,0.5,0.7,5,0.43,100
71,150,0.2,0.5,0.7,5,0.66,100
108,150,0.2,0.5,0.7,5,3.07,100
117,150,0.2,0.5,0.7,5,4.67,100
118,150,0.2,0.5,0.7,5,3.33,100
1,150,0.2,0.5,0.7,5,0.12,100
92,150,0.2,0.5,0.7,5,1.48,100
1,150,0.2,0.5,0.7,5,0.26,100
33,150,0.2,0.5,0.7,5,0.38,100
60,150,0.2,0.5,0.7,5,0.41,100
114,150,0.2,0.5,0.7,5,2.38,100
117,150,0.2,0.5,0.7,5,3.13,100
114,150,0.2,0.5,0.7,5,2.21,100
118,150,0.2,0.5,0.7,5,4.5,100
2,150,0.2,0.5,0.7,5,1,100
120,150,0.2,0.5,0.7,5,3.65,100
54,150,0.2,0.5,0.7,5,1.53,100
113,150,0.2,0.5,0.7,5,3.46,100
41,150,0.2,0.5,0.7,5,1.01,100
120,150,0.2,0.5,0.7,5,4.75,100
118,150,0.2,0.5,0.7,5,4.5,100
98,150,0.2,0.5,0.7,5,1.85,100
116,150,0.2,0.5,0.7,5,4.6,100
103,150,0.2,0.5,0.7,5,4.33,100
115,150,0.2,0.5,0.7,5,2.99,100
21,150,0.2,0.5,0.7,5,1.24,100
1,150,0.2,0.5,0.7,5,0.49,100
97,150,0.2,0.5,0.7,5,0.47,100
114,150,0.2,0.5,0.7,5,4.37,100
1,150,0.2,0.5,0.7,5,1.61,100
119,150,0.2,0.5,0.7,5,3.75,100
110,150,0.2,0.5,0.7,5,2.63,100
112,150,0.2,0.5,0.7,5,4.4,100
117,150,0.2,0.5,0.7,5,4.72,100
104,150,0.2,0.5,0.7,5,1.83,100
1,150,0.2,0.5,0.7,5,0.45,100
109,150,0.2,0.5,0.7,5,2.41,100
98,150,0.2,0.5,0.7,5,1.08,100
117,150,0.2,0.5,0.7,5,4.06,100
72,150,0.2,0.5,0.7,5,0.14,100
58,150,0.2,0.5,0.7,5,2.59,100
118,150,0.2,0.5,0.7,5,3.91,100
114,150,0.2,0.5,0.7,5,3.64,100
9,150,0.2,0.5,0.7,5,2.18,100
119,150,0.2,0.5,0.7,5,3.33,100
1,150,0.2,0.5,0.7,5,0.59,100
1,150,0.2,0.5,0.7,5,0.67,100
117,150,0.2,0.5,0.7,5,4.84,100
100,150,0.2,0.5,0.7,5,0.81,100
104,150,0.2,0.5,0.7,5,1.27,100
6,150,0.2,0.5,0.7,5,0.13,100
5,150,0.2,0.5,0.7,5,4.08,100
95,150,0.2,0.5,0.7,5,1.37,100
102,150,0.2,0.5,0.7,5,2.77,100
117,150,0.2,0.5,0.7,5,3.79,100
111,150,0.2,0.5,0.7,5,2.67,100
111,150,0.2,0.5,0.7,5,2.5,100
51,150,0.2,0.5,0.7,5,1.28,100
105,150,0.2,0.5,0.7,5,1.58,100
116,150,0.2,0.5,0.7,5,3.83,100
113,150,0.2,0.5,0.7,5,2.42,100
1,150,0.2,0.5,0.7,5,0.01,100
109,150,0.2,0.5,0.7,5,2.72,100
96,150,0.2,0.5,0.7,5,2.58,100
111,150,0.2,0.5,0.7,5,1.75,100
118,150,0.2,0.5,0.7,5,4.28,100
1,150,0.2,0.5,0.7,5,0.18,100
120,150,0.2,0.5,0.7,5,3.46,100
120,150,0.2,0.5,0.7,5,5,100
115,150,0.2,0.5,0.7,5,1.89,100
110,150,0.2,0.5,0.7,5,3.67,100
86,150,0.2,0.5,0.7,5,1.45,100
108,150,0.2,0.5,0.7,5,1.41,100
117,150,0.2,0.5,0.7,5,2.71,100
2,150,0.2,0.5,0.7,5,0.46,100
52,150,0.2,0.5,0.7,5,0.08,100
83,150,0.2,0.5,0.7,5,1.67,100
36,150,0.2,0.5,0.7,5,1.39,100
100,150,0.2,0.5,0.7,5,1.27,100
95,150,0.2,0.5,0.7,5,2.91,100
102,150,0.2,0.5,0.7,5,1.34,100
92,150,0.2,0.5,0.7,5,1.41,100
115,150,0.2,0.5,0.7,5,3.26,100
112,150,0.2,0.5,0.7,5,3.63,100
120,150,0.2,0.5,0.7,5,3.42,100
101,150,0.2,0.5,0.7,5,1.84,100
115,150,0.2,0.5,0.7,5,2.54,100
119,150,0.2,0.5,0.7,5,2.59,100
117,150,0.2,0.5,0.7,5,2.61,100
117,150,0.2,0.5,0.7,5,3.68,100
4,150,0.2,0.5,0.7,5,1.29,100
100,150,0.2,0.5,0.7,5,1.55,100
34,150,0.2,0.5,0.7,5,0.99,100
32,150,0.2,0.5,0.7,5,0.23,100
102,150,0.2,0.5,0.7,5,1.9,100
1,150,0.2,0.5,0.7,5,0.87,100
115,150,0.2,0.5,0.7,5,4.25,100
100,150,0.2,0.5,0.7,5,1.21,100
1,150,0.2,0.5,0.7,5,0.3,100
108,150,0.2,0.5,0.7,5,1.05,100
117,150,0.2,0.5,0.7,5,3.59,100
118,150,0.2,0.5,0.7,5,3.05,100
113,150,0.2,0.5,0.7,5,3.8,100
2,150,0.2,0.5,0.7,5,0.28,100
101,150,0.2,0.5,0.7,5,1.15,100
101,150,0.2,0.5,0.7,5,0.29,100
115,150,0.2,0.5,0.7,5,2.84,100
113,150,0.2,0.5,0.7,5,4.96,100
97,150,0.2,0.5,0.7,5,2.48,100
44,150,0.2,0.5,0.7,5,0.8,100
118,150,0.2,0.5,0.7,5,4.28,100
116,150,0.2,0.5,0.7,5,4.67,100
99,150,0.2,0.5,0.7,5,2.66,100
3,150,0.2,0.5,0.7,5,1.42,100
3,150,0.2,0.5,0.7,5,0.42,100
80,150,0.2,0.5,0.7,5,0.88,100
99,150,0.2,0.5,0.7,5,1.5,100
119,150,0.2,0.5,0.7,5,4.89,100
43,150,0.2,0.5,0.7,5,0.4,100
118,150,0.2,0.5,0.7,5,4.37,100
107,150,0.2,0.5,0.7,5,2.96,100
52,150,0.2,0.5,0.7,5,0.41,100
1,150,0.2,0.5,0.7,5,1.52,100
109,150,0.2,0.5,0.7,5,1.78,100
14,150,0.2,0.5,0.7,5,3.24,100
119,150,0.2,0.5,0.7,5,4.89,100
118,150,0.2,0.5,0.7,5,4.99,100
118,150,0.2,0.5,0.7,5,4.61,100
117,150,0.2,0.5,0.7,5,2.83,100
1,150,0.2,0.5,0.7,5,0.03,100
119,150,0.2,0.5,0.7,5,3.86,100
2,150,0.2,0.5,0.7,5,0.46,100
85,150,0.2,0.5,0.7,5,1.89,100
117,150,0.2,0.5,0.7,5,4.73,100
104,150,0.2,0.5,0.7,5,1.62,100
102,150,0.2,0.5,0.7,5,1.4,100
119,150,0.2,0.5,0.7,5,4.77,100
116,150,0.2,0.5,0.7,5,4.64,100
33,150,0.2,0.5,0.7,5,0.54,100
108,150,0.2,0.5,0.7,5,2.76,100
3,150,0.2,0.5,0.7,5,1.68,100
51,150,0.2,0.5,0.7,5,0.22,100
117,150,0.2,0.5,0.7,5,3.38,100
1,150,0.2,0.5,0.7,5,1.15,100
1,150,0.2,0.5,0.7,5,0.59,100
110,150,0.2,0.5,0.7,5,2.25,100
104,150,0.2,0.5,0.7,5,3.43,100
120,150,0.2,0.5,0.7,5,4.6,100
1,150,0.2,0.5,0.7,5,1.41,100
1,150,0.2,0.5,0.7,5,0.41,100
117,150,0.2,0.5,0.7,5,4.25,100
118,150,0.2,0.5,0.7,5,4.53,100
71,150,0.2,0.5,0.7,5,2.28,100
108,150,0.2,0.5,0.7,5,1.89,100
1,150,0.2,0.5,0.7,5,0.5,100
101,150,0.2,0.5,0.7,5,0.89,100
118,150,0.2,0.5,0.7,5,2.74,100
119,150,0.2,0.5,0.7,5,4.92,100
80,150,0.2,0.5,0.7,5,0.61,100
120,150,0.2,0.5,0.7,5,4.61,100
95,150,0.2,0.5,0.7,5,3.28,100
2,150,0.2,0.5,0.7,5,1.09,100
66,150,0.2,0.5,0.7,5,0.4,100
116,150,0.2,0.5,0.7,5,3.58,100
108,150,0.2,0.5,0.7,5,2.71,100
7,150,0.2,0.5,0.7,5,0.6,100
112,150,0.2,0.5,0.7,5,2.06,100
116,150,0.2,0.5,0.7,5,2.49,100
114,150,0.2,0.5,0.7,5,3.94,100
113,150,0.2,0.5,0.7,5,2.8,100
1,150,0.2,0.5,0.7,5,1.01,100
117,150,0.2,0.5,0.7,5,4.04,100
120,150,0.2,0.5,0.7,5,4.63,100
119,150,0.2,0.5,0.7,5,3.16,100
2,150,0.2,0.5,0.7,5,0.15,100
92,150,0.2,0.5,0.7,5,1.4,100
105,150,0.2,0.5,0.7,5,2.26,100
1,150,0.2,0.5,0.7,5,0.08,100
111,150,0.2,0.5,0.7,5,2.79,100
111,150,0.2,0.5,0.7,5,4.37,100
118,150,0.2,0.5,0.7,5,4.97,100
118,150,0.2,0.5,0.7,5,4,100
60,150,0.2,0.5,0.7,5,0.74,100
96,150,0.2,0.5,0.7,5,0.68,100
115,150,0.2,0.5,0.7,5,2.5,100
1,150,0.2,0.5,0.7,5,0.3,100
115,150,0.2,0.5,0.7,5,4.29,100
95,150,0.2,0.5,0.7,5,1.65,100
114,150,0.2,0.5,0.7,5,3.49,100
2,150,0.2,0.5,0.7,5,0.16,100
118,150,0.2,0.5,0.7,5,4.42,100
96,150,0.2,0.5,0.7,5,0.05,100
100,150,0.2,0.5,0.7,5,1.27,100
117,150,0.2,0.5,0.7,5,4.63,100
64,150,0.2,0.5,0.7,5,0.52,100
119,150,0.2,0.5,0.7,5,4.81,100
116,150,0.2,0.5,0.7,5,4.64,100
118,150,0.2,0.5,0.7,5,3.95,100
82,150,0.2,0.5,0.7,5,1.09,100
1,150,0.2,0.5,0.7,5,0.68,100
39,150,0.2,0.5,0.7,5,1.05,100
26,150,0.2,0.5,0.7,5,0.71,100
2,150,0.2,0.5,0.7,5,0.69,100
108,150,0.2,0.5,0.7,5,2.4,100
114,150,0.2,0.5,0.7,5,4.23,100
119,150,0.2,0.5,0.7,5,4.42,100
119,150,0.2,0.5,0.7,5,4.08,100
114,150,0.2,0.5,0.7,5,3.69,100
113,150,0.2,0.5,0.7,5,3.59,100
20,150,0.2,0.5,0.7,5,0.51,100
105,150,0.2,0.5,0.7,5,1.78,100
5,150,0.2,0.5,0.7,5,0.68,100
91,150,0.2,0.5,0.7,5,1.06,100
111,150,0.2,0.5,0.7,5,2.4,100
119,150,0.2,0.5,0.7,5,4.18,100
93,150,0.2,0.5,0.7,5,1.83,100
107,150,0.2,0.5,0.7,5,2.02,100
98,150,0.2,0.5,0.7,5,2.14,100
1,150,0.2,0.5,0.7,5,0.02,100
116,150,0.2,0.5,0.7,5,3.08,100
116,150,0.2,0.5,0.7,5,3.1,100
1,150,0.2,0.5,0.7,5,0.48,100
108,150,0.2,0.5,0.7,5,1.93,100
117,150,0.2,0.5,0.7,5,4.11,100
1,150,0.2,0.5,0.7,5,0.31,100
118,150,0.2,0.5,0.7,5,3.78,100
1,150,0.2,0.5,0.7,5,0.35,100
101,150,0.2,0.5,0.7,5,0.57,100
115,150,0.2,0.5,0.7,5,4.92,100
73,150,0.2,0.5,0.7,5,1.52,100
106,150,0.2,0.5,0.7,5,3.91,100
1,150,0.2,0.5,0.7,5,0.65,100
102,150,0.2,0.5,0.7,5,0.27,100
120,150,0.2,0.5,0.7,5,4.46,100
117,150,0.2,0.5,0.7,5,2.64,100
92,150,0.2,0.5,0.7,5,0.7,100
52,150,0.2,0.5,0.7,5,2.44,100
82,150,0.2,0.5,0.7,5,1.18,100
1,150,0.2,0.5,0.7,5,0.35,100
21,150,0.2,0.5,0.7,5,1.26,100
118,150,0.2,0.5,0.7,5,4.23,100
118,150,0.2,0.5,0.7,5,4.78,100
99,150,0.2,0.5,0.7,5,1.73,100
120,150,0.2,0.5,0.7,5,4.82,100
112,150,0.2,0.5,0.7,5,1.75,100
118,150,0.2,0.5,0.7,5,4.14,100
116,150,0.2,0.5,0.7,5,2.64,100
4,150,0.2,0.5,0.7,5,1.05,100
118,150,0.2,0.5,0.7,5,4.62,100
119,150,0.2,0.5,0.7,5,3.94,100
118,150,0.2,0.5,0.7,5,4,100
117,150,0.2,0.5,0.7,5,3.89,100
2,150,0.2,0.5,0.7,5,0.39,100
116,150,0.2,0.5,0.7,5,4.45,100
117,150,0.2,0.5,0.7,5,4.09,100
109,150,0.2,0.5,0.7,5,2.04,100
116,150,0.2,0.5,0.7,5,4.94,100
2,150,0.2,0.5,0.7,5,0.38,100
80,150,0.2,0.5,0.7,5,1.89,100
115,150,0.2,0.5,0.7,5,4.37,100
3,150,0.2,0.5,0.7,5,0.93,100
39,150,0.2,0.5,0.7,5,1.29,100
113,150,0.2,0.5,0.7,5,3.81,100
96,150,0.2,0.5,0.7,5,1.08,100
117,150,0.2,0.5,0.7,5,2.55,100
62,150,0.2,0.5,0.7,5,1.3,100
2,150,0.2,0.5,0.7,5,0.13,100
79,150,0.2,0.5,0.7,5,1.52,100
115,150,0.2,0.5,0.7,5,3.67,100
117,150,0.2,0.5,0.7,5,2.75,100
98,150,0.2,0.5,0.7,5,1.51,100
112,150,0.2,0.5,0.7,5,2.34,100
117,150,0.2,0.5,0.7,5,3.79,100
2,150,0.2,0.5,0.7,5,0.99,100
83,150,0.2,0.5,0.7,5,0.92,100
113,150,0.2,0.5,0.7,5,4.61,100
117,150,0.2,0.5,0.7,5,4.19,100
1,150,0.2,0.5,0.7,5,0.03,100
100,150,0.2,0.5,0.7,5,2.2,100
47,150,0.2,0.5,0.7,5,0.46,100
118,150,0.2,0.5,0.7,5,3.9,100
99,150,0.2,0.5,0.7,5,2.9,100
109,150,0.2,0.5,0.7,5,2.98,100
61,150,0.2,0.5,0.7,5,0.05,100
104,150,0.2,0.5,0.7,5,3.2,100
74,150,0.2,0.5,0.7,5,2.08,100
91,150,0.2,0.5,0.7,5,1.53,100
1,150,0.2,0.5,0.7,5,0.71,100
54,150,0.2,0.5,0.7,5,0.63,100
111,150,0.2,0.5,0.7,5,1.2,100
71,150,0.2,0.5,0.7,5,0.78,100
97,150,0.2,0.5,0.7,5,2.06,100
102,150,0.2,0.5,0.7,5,2.35,100
117,150,0.2,0.5,0.7,5,3.92,100
97,150,0.2,0.5,0.7,5,1.68,100
77,150,0.2,0.5,0.7,5,0.55,100
102,150,0.2,0.5,0.7,5,1.91,100
96,150,0.2,0.5,0.7,5,1.8,100
81,150,0.2,0.5,0.7,5,0.4,100
119,150,0.2,0.5,0.7,5,3.16,100
119,150,0.2,0.5,0.7,5,4.27,100
118,150,0.2,0.5,0.7,5,3.05,100
105,150,0.2,0.5,0.7,5,1.75,100
87,150,0.2,0.5,0.7,5,2.24,100
113,150,0.2,0.5,0.7,5,3.84,100
96,150,0.2,0.5,0.7,5,1.94,100
115,150,0.2,0.5,0.7,5,3.28,100
110,150,0.2,0.5,0.7,5,2.52,100
119,150,0.2,0.5,0.7,5,3.82,100
111,150,0.2,0.5,0.7,5,1.43,100
120,150,0.2,0.5,0.7,5,3.91,100
117,150,0.2,0.5,0.7,5,3.68,100
100,150,0.2,0.5,0.7,5,1.34,100
115,150,0.2,0.5,0.7,5,4.38,100
104,150,0.2,0.5,0.7,5,0.68,100
107,150,0.2,0.5,0.7,5,1.68,100
73,150,0.2,0.5,0.7,5,0.77,100
69,150,0.2,0.5,0.7,5,1.2,100
107,150,0.2,0.5,0.7,5,3.02,100
118,150,0.2,0.5,0.7,5,4.18,100
67,150,0.2,0.5,0.7,5,0.91,100
112,150,0.2,0.5,0.7,5,2.71,100
112,150,0.2,0.5,0.7,5,2.16,100
116,150,0.2,0.5,0.7,5,4.59,100
9,150,0.2,0.5,0.7,5,3.21,100
100,150,0.2,0.5,0.7,5,1.83,100
106,150,0.2,0.5,0.7,5,0.81,100
117,150,0.2,0.5,0.7,5,4.08,100
117,150,0.2,0.5,0.7,5,3.66,100
113,150,0.2,0.5,0.7,5,1.59,100
117,150,0.2,0.5,0.7,5,2.04,100
104,150,0.2,0.5,0.7,5,1.87,100
79,150,0.2,0.5,0.7,5,0.63,100
114,150,0.2,0.5,0.7,5,2.97,100
1,150,0.2,0.5,0.7,5,2.75,100
115,150,0.2,0.5,0.7,5,3.66,100
114,150,0.2,0.5,0.7,5,4.48,100
117,150,0.2,0.5,0.7,5,4.12,100
56,150,0.2,0.5,0.7,5,0.79,100
115,150,0.2,0.5,0.7,5,1.96,100
103,150,0.2,0.5,0.7,5,1.01,100
116,150,0.2,0.5,0.7,5,3.07,100
27,150,0.2,0.5,0.7,5,0.51,100
108,150,0.2,0.5,0.7,5,4.4,100
117,150,0.2,0.5,0.7,5,2.86,100
115,150,0.2,0.5,0.7,5,3.63,100
1,150,0.2,0.5,0.7,5,0.81,100
117,150,0.2,0.5,0.7,5,2.92,100
1,150,0.2,0.5,0.7,5,0.1,100
1,150,0.2,0.5,0.7,5,0.02,100
115,150,0.2,0.5,0.7,5,2.57,100
118,150,0.2,0.5,0.7,5,4.48,100
106,150,0.2,0.5,0.7,5,1.74,100
12,150,0.2,0.5,0.7,5,0.03,100
100,150,0.2,0.5,0.7,5,0.7,100
98,150,0.2,0.5,0.7,5,1.97,100
111,150,0.2,0.5,0.7,5,2.42,100
101,150,0.2,0.5,0.7,5,1.72,100
17,150,0.2,0.5,0.7,5,1.64,100
110,150,0.2,0.5,0.7,5,3.97,100
113,150,0.2,0.5,0.7,5,2.65,100
119,150,0.2,0.5,0.7,5,4.68,100
117,150,0.2,0.5,0.7,5,3.74,100
105,150,0.2,0.5,0.7,5,1.76,100
119,150,0.2,0.5,0.7,5,3.49,100
113,150,0.2,0.5,0.7,5,2.52,100
113,150,0.2,0.5,0.7,5,2.3,100
1,150,0.2,0.5,0.7,5,0.66,100
113,150,0.2,0.5,0.7,5,1.77,100
116,150,0.2,0.5,0.7,5,2.76,100
104,150,0.2,0.5,0.7,5,2.91,100
116,150,0.2,0.5,0.7,5,2.44,100
110,150,0.2,0.5,0.7,5,2.33,100
110,150,0.2,0.5,0.7,5,1.52,100
1,150,0.2,0.5,0.7,5,0.45,100
113,150,0.2,0.5,0.7,5,2.48,100
103,150,0.2,0.5,0.7,5,3.18,100
116,150,0.2,0.5,0.7,5,4.34,100
112,150,0.2,0.5,0.7,5,2.9,100
112,150,0.2,0.5,0.7,5,3.46,100
113,150,0.2,0.5,0.7,5,3.79,100
118,150,0.2,0.5,0.7,5,4.27,100
77,150,0.2,0.5,0.7,5,0.89,100
117,150,0.2,0.5,0.7,5,3.74,100
1,150,0.2,0.5,0.7,5,0.16,100
118,150,0.2,0.5,0.7,5,3.58,100
107,150,0.2,0.5,0.7,5,2.34,100
119,150,0.2,0.5,0.7,5,4.97,100
116,150,0.2,0.5,0.7,5,4.4,100
109,150,0.2,0.5,0.7,5,3.16,100
3,150,0.2,0.5,0.7,5,0.15,100
111,150,0.2,0.5,0.7,5,2.53,100
85,150,0.2,0.5,0.7,5,1.44,100
110,150,0.2,0.5,0.7,5,0.74,100
111,150,0.2,0.5,0.7,5,1.46,100
118,150,0.2,0.5,0.7,5,2.2,100
120,150,0.2,0.5,0.7,5,4.75,100
115,150,0.2,0.5,0.7,5,3.03,100
116,150,0.2,0.5,0.7,5,4.78,100
116,150,0.2,0.5,0.7,5,3.87,100
58,150,0.2,0.5,0.7,5,0.3,100
83,150,0.2,0.5,0.7,5,0.85,100
86,150,0.2,0.5,0.7,5,0.33,100
115,150,0.2,0.5,0.7,5,3.22,100
55,150,0.2,0.5,0.7,5,1.19,100
17,150,0.2,0.5,0.7,5,0.2,100
108,150,0.2,0.5,0.7,5,3.75,100
117,150,0.2,0.5,0.7,5,3.03,100
14,150,0.2,0.5,0.7,5,1.11,100
99,150,0.2,0.5,0.7,5,2.36,100
113,150,0.2,0.5,0.7,5,3.58,100
29,150,0.2,0.5,0.7,5,0.12,100
113,150,0.2,0.5,0.7,5,3.77,100
93,150,0.2,0.5,0.7,5,1.76,100
91,150,0.2,0.5,0.7,5,1.95,100
115,150,0.2,0.5,0.7,5,2.46,100
111,150,0.2,0.5,0.7,5,3.64,100
9,150,0.2,0.5,0.7,5,3.68,100
108,150,0.2,0.5,0.7,5,2.8,100
1,150,0.2,0.5,0.7,5,1.16,100
2,150,0.2,0.5,0.7,5,0.08,100
110,150,0.2,0.5,0.7,5,2.31,100
88,150,0.2,0.5,0.7,5,0.8,100
114,150,0.2,0.5,0.7,5,2.99,100
89,150,0.2,0.5,0.7,5,1.36,100
85,150,0.2,0.5,0.7,5,1.35,100
1,150,0.2,0.5,0.7,5,0.04,100
67,150,0.2,0.5,0.7,5,0.58,100
66,150,0.2,0.5,0.7,5,0.81,100
68,150,0.2,0.5,0.7,5,0.55,100
120,150,0.2,0.5,0.7,5,4.04,100
118,150,0.2,0.5,0.7,5,4.82,100
109,150,0.2,0.5,0.7,5,1.99,100
1,150,0.2,0.5,0.7,5,4.46,100
110,150,0.2,0.5,0.7,5,3,100
115,150,0.2,0.5,0.7,5,3.59,100
87,150,0.2,0.5,0.7,5,0.63,100
2,150,0.2,0.5,0.7,5,1.23,100
110,150,0.2,0.5,0.7,5,4.49,100
120,150,0.2,0.5,0.7,5,4.56,100
103,150,0.2,0.5,0.7,5,1.14,100
117,150,0.2,0.5,0.7,5,3.02,100
106,150,0.2,0.5,0.7,5,1.71,100
5,150,0.2,0.5,0.7,5,1.42,100
78,150,0.2,0.5,0.7,5,2.42,100
116,150,0.2,0.5,0.7,5,1.73,100
113,150,0.2,0.5,0.7,5,3.42,100
117,150,0.2,0.5,0.7,5,4.99,100
120,150,0.2,0.5,0.7,5,4.58,100
118,150,0.2,0.5,0.7,5,2.25,100
2,150,0.2,0.5,0.7,5,1.3,100
1,150,0.2,0.5,0.7,5,0.1,100
3,150,0.2,0.5,0.7,5,0.59,100
90,150,0.2,0.5,0.7,5,2.66,100
117,150,0.2,0.5,0.7,5,4.54,100
108,150,0.2,0.5,0.7,5,1.2,100
114,150,0.2,0.5,0.7,5,4.19,100
113,150,0.2,0.5,0.7,5,2.93,100
110,150,0.2,0.5,0.7,5,1.47,100
120,150,0.2,0.5,0.7,5,3.38,100
112,150,0.2,0.5,0.7,5,3.64,100
115,150,0.2,0.5,0.7,5,3.86,100
102,150,0.2,0.5,0.7,5,1.25,100
108,150,0.2,0.5,0.7,5,1.8,100
119,150,0.2,0.5,0.7,5,4.67,100
119,150,0.2,0.5,0.7,5,4.09,100
99,150,0.2,0.5,0.7,5,0.84,100
118,150,0.2,0.5,0.7,5,4.09,100
109,150,0.2,0.5,0.7,5,1.72,100
110,150,0.2,0.5,0.7,5,2.58,100
119,150,0.2,0.5,0.7,5,4.4,100
111,150,0.2,0.5,0.7,5,4.67,100
116,150,0.2,0.5,0.7,5,4.98,100
1,150,0.2,0.5,0.7,5,0.52,100
105,150,0.2,0.5,0.7,5,2.34,100
89,150,0.2,0.5,0.7,5,0.64,100
115,150,0.2,0.5,0.7,5,4.54,100
102,150,0.2,0.5,0.7,5,0.76,100
118,150,0.2,0.5,0.7,5,3.73,100
75,150,0.2,0.5,0.7,5,1.66,100
31,150,0.2,0.5,0.7,5,1.71,100
1,150,0.2,0.5,0.7,5,0.26,100
117,150,0.2,0.5,0.7,5,4.13,100
119,150,0.2,0.5,0.7,5,3.46,100
92,150,0.2,0.5,0.7,5,1.44,100
4,150,0.2,0.5,0.7,5,2.02,100
115,150,0.2,0.5,0.7,5,2.98,100
113,150,0.2,0.5,0.7,5,4.06,100
120,150,0.2,0.5,0.7,5,3.83,100
112,150,0.2,0.5,0.7,5,1.82,100
1,150,0.2,0.5,0.7,5,0.28,100
115,150,0.2,0.5,0.7,5,4.34,100
118,150,0.2,0.5,0.7,5,4.73,100
112,150,0.2,0.5,0.7,5,3.46,100
113,150,0.2,0.5,0.7,5,1.7,100
109,150,0.2,0.5,0.7,5,2.19,100
95,150,0.2,0.5,0.7,5,1.12,100
69,150,0.2,0.5,0.7,5,1.79,100
83,150,0.2,0.5,0.7,5,0.67,100
118,150,0.2,0.5,0.7,5,2.66,100
101,150,0.2,0.5,0.7,5,2.78,100
112,150,0.2,0.5,0.7,5,2.87,100
108,150,0.2,0.5,0.7,5,3.4,100
116,150,0.2,0.5,0.7,5,3.91,100
112,150,0.2,0.5,0.7,5,2.32,100
120,150,0.2,0.5,0.7,5,4.69,100
107,150,0.2,0.5,0.7,5,3.02,100
114,150,0.2,0.5,0.7,5,2.53,100
119,150,0.2,0.5,0.7,5,3.29,100
44,150,0.2,0.5,0.7,5,0.02,100
117,150,0.2,0.5,0.7,5,3.68,100
119,150,0.2,0.5,0.7,5,3.81,100
119,150,0.2,0.5,0.7,5,3.4,100
112,150,0.2,0.5,0.7,5,2.71,100
2,150,0.2,0.5,0.7,5,0.83,100
119,150,0.2,0.5,0.7,5,3.54,100
1,150,0.2,0.5,0.7,5,1.51,100
1,150,0.2,0.5,0.7,5,1.95,100
14,150,0.2,0.5,0.7,5,0.07,100
117,150,0.2,0.5,0.7,5,4.31,100
68,150,0.2,0.5,0.7,5,0.57,100
103,150,0.2,0.5,0.7,5,1.31,100
119,150,0.2,0.5,0.7,5,2.92,100
120,150,0.2,0.5,0.7,5,4.92,100
83,150,0.2,0.5,0.7,5,1.55,100
1,150,0.2,0.5,0.7,5,0.7,100
105,150,0.2,0.5,0.7,5,2.08,100
119,150,0.2,0.5,0.7,5,4.13,100
65,150,0.2,0.5,0.7,5,1.37,100
97,150,0.2,0.5,0.7,5,0.83,100
108,150,0.2,0.5,0.7,5,1.96,100
111,150,0.2,0.5,0.7,5,4.97,100
115,150,0.2,0.5,0.7,5,1.49,100
68,150,0.2,0.5,0.7,5,0.09,100
28,150,0.2,0.5,0.7,5,0.83,100
114,150,0.2,0.5,0.7,5,4.96,100
118,150,0.2,0.5,0.7,5,2.43,100
112,150,0.2,0.5,0.7,5,3.47,100
94,150,0.2,0.5,0.7,5,0.5,100
117,150,0.2,0.5,0.7,5,4.44,100
107,150,0.2,0.5,0.7,5,2.64,100
116,150,0.2,0.5,0.7,5,3.68,100
118,150,0.2,0.5,0.7,5,3.91,100
118,150,0.2,0.5,0.7,5,3.06,100
108,150,0.2,0.5,0.7,5,1.71,100
97,150,0.2,0.5,0.7,5,1.88,100
119,150,0.2,0.5,0.7,5,4.62,100
89,150,0.2,0.5,0.7,5,0.96,100
117,150,0.2,0.5,0.7,5,2.94,100
102,150,0.2,0.5,0.7,5,1.55,100
1,150,0.2,0.5,0.7,5,0.18,100
114,150,0.2,0.5,0.7,5,2.74,100
118,150,0.2,0.5,0.7,5,4.17,100
116,150,0.2,0.5,0.7,5,4.03,100
110,150,0.2,0.5,0.7,5,2.83,100
117,150,0.2,0.5,0.7,5,4.56,100
110,150,0.2,0.5,0.7,5,2.6,100
1,150,0.2,0.5,0.7,5,1.2,100
119,150,0.2,0.5,0.7,5,4.01,100
98,150,0.2,0.5,0.7,5,2.18,100
100,150,0.2,0.5,0.7,5,2.04,100
1,150,0.2,0.5,0.7,5,2.79,100
95,150,0.2,0.5,0.7,5,2.12,100
107,150,0.2,0.5,0.7,5,3.01,100
108,150,0.2,0.5,0.7,5,1.09,100
120,150,0.2,0.5,0.7,5,4.4,100
118,150,0.2,0.5,0.7,5,4.58,100
73,150,0.2,0.5,0.7,5,0.05,100
99,150,0.2,0.5,0.7,5,1.64,100
116,150,0.2,0.5,0.7,5,3.55,100
112,150,0.2,0.5,0.7,5,1.79,100
112,150,0.2,0.5,0.7,5,2.4,100
1,150,0.2,0.5,0.7,5,0.14,100
3,150,0.2,0.5,0.7,5,2.22,100
91,150,0.2,0.5,0.7,5,1.11,100
119,150,0.2,0.5,0.7,5,4.4,100
109,150,0.2,0.5,0.7,5,1.94,100
1,150,0.2,0.5,0.7,5,0.26,100
117,150,0.2,0.5,0.7,5,3.29,100
1,150,0.2,0.5,0.7,5,0.74,100
105,150,0.2,0.5,0.7,5,1.25,100
110,150,0.2,0.5,0.7,5,3.56,100
119,150,0.2,0.5,0.7,5,4.54,100
103,150,0.2,0.5,0.7,5,1.44,100
72,150,0.2,0.5,0.7,5,0.06,100
21,150,0.2,0.5,0.7,5,0.18,100
78,150,0.2,0.5,0.7,5,0.79,100
119,150,0.2,0.5,0.7,5,4.82,100
113,150,0.2,0.5,0.7,5,3.22,100
94,150,0.2,0.5,0.7,5,0.89,100
115,150,0.2,0.5,0.7,5,3.39,100
119,150,0.2,0.5,0.7,5,4.93,100
1,150,0.2,0.5,0.7,5,0.13,100
112,150,0.2,0.5,0.7,5,4.47,100
2,150,0.2,0.5,0.7,5,0.65,100
100,150,0.2,0.5,0.7,5,0.86,100
95,150,0.2,0.5,0.7,5,2.4,100
74,150,0.2,0.5,0.7,5,0.43,100
1,150,0.2,0.5,0.7,5,1.25,100
114,150,0.2,0.5,0.7,5,3.86,100
95,150,0.2,0.5,0.7,5,1.33,100
117,150,0.2,0.5,0.7,5,4.75,100
109,150,0.2,0.5,0.7,5,2.85,100
18,150,0.2,0.5,0.7,5,0.8,100
1,150,0.2,0.5,0.7,5,0.28,100
115,150,0.2,0.5,0.7,5,2.8,100
117,150,0.2,0.5,0.7,5,4.41,100
103,150,0.2,0.5,0.7,5,2.28,100
114,150,0.2,0.5,0.7,5,2.6,100
1,150,0.2,0.5,0.7,5,0.54,100
88,150,0.2,0.5,0.7,5,2.85,100
1,150,0.2,0.5,0.7,5,1.02,100
114,150,0.2,0.5,0.7,5,3.35,100
117,150,0.2,0.5,0.7,5,4.31,100
37,150,0.2,0.5,0.7,5,0.63,100
113,150,0.2,0.5,0.7,5,2.85,100
118,150,0.2,0.5,0.7,5,3.82,100
83,150,0.2,0.5,0.7,5,0.2,100
71,150,0.2,0.5,0.7,5,0.75,100
120,150,0.2,0.5,0.7,5,3.53,100
113,150,0.2,0.5,0.7,5,2.83,100
42,150,0.2,0.5,0.7,5,1.01,100
101,150,0.2,0.5,0.7,5,2.86,100
56,150,0.2,0.5,0.7,5,1.08,100
115,150,0.2,0.5,0.7,5,2.59,100
12,150,0.2,0.5,0.7,5,1.02,100
2,150,0.2,0.5,0.7,5,0.51,100
119,150,0.2,0.5,0.7,5,4.34,100
2,150,0.2,0.5,0.7,5,0.28,100
1,150,0.2,0.5,0.7,5,1.17,100
112,150,0.2,0.5,0.7,5,3.38,100
22,150,0.2,0.5,0.7,5,1.52,100
1,150,0.2,0.5,0.7,5,1.07,100
118,150,0.2,0.5,0.7,5,4.94,100
115,150,0.2,0.5,0.7,5,3.67,100
120,150,0.2,0.5,0.7,5,4.62,100
86,150,0.2,0.5,0.7,5,0.88,100
120,150,0.2,0.5,0.7,5,3.88,100
118,150,0.2,0.5,0.7,5,4.22,100
111,150,0.2,0.5,0.7,5,3.47,100
115,150,0.2,0.5,0.7,5,3.17,100
113,150,0.2,0.5,0.7,5,3.57,100
108,150,0.2,0.5,0.7,5,2.46,100
66,150,0.2,0.5,0.7,5,0.89,100
103,150,0.2,0.5,0.7,5,4.48,100
117,150,0.2,0.5,0.7,5,3.85,100
117,150,0.2,0.5,0.7,5,2.69,100
1,150,0.2,0.5,0.7,5,0.37,100
114,150,0.2,0.5,0.7,5,3.62,100
118,150,0.2,0.5,0.7,5,3.83,100
90,150,0.2,0.5,0.7,5,2.17,100
112,150,0.2,0.5,0.7,5,3.73,100
118,150,0.2,0.5,0.7,5,3.98,100
72,150,0.2,0.5,0.7,5,0.01,100
117,150,0.2,0.5,0.7,5,3.68,100
104,150,0.2,0.5,0.7,5,0.87,100
115,150,0.2,0.5,0.7,5,4.9,100
113,150,0.2,0.5,0.7,5,3.85,100
105,150,0.2,0.5,0.7,5,1.3,100
108,150,0.2,0.5,0.7,5,2.44,100
113,150,0.2,0.5,0.7,5,1.98,100
107,150,0.2,0.5,0.7,5,2.47,100
94,150,0.2,0.5,0.7,5,0.26,100
110,150,0.2,0.5,0.7,5,2.49,100
97,150,0.2,0.5,0.7,5,0.06,100
115,150,0.2,0.5,0.7,5,1.51,100
1,150,0.2,0.5,0.7,5,3.47,100
112,150,0.2,0.5,0.7,5,2.84,100
91,150,0.2,0.5,0.7,5,2.32,100
118,150,0.2,0.5,0.7,5,4.51,100
115,150,0.2,0.5,0.7,5,3.27,100
2,150,0.2,0.5,0.7,5,1.07,100
120,150,0.2,0.5,0.7,5,3.31,100
101,150,0.2,0.5,0.7,5,0.87,100
114,150,0.2,0.5,0.7,5,3.47,100
96,150,0.2,0.5,0.7,5,1.59,100
105,150,0.2,0.5,0.7,5,3.64,100
119,150,0.2,0.5,0.7,5,4.19,100
93,150,0.2,0.5,0.7,5,1.84,100
120,150,0.2,0.5,0.7,5,4.75,100
119,150,0.2,0.5,0.7,5,4.63,100
116,150,0.2,0.5,0.7,5,4.92,100
118,150,0.2,0.5,0.7,5,3.95,100
2,150,0.2,0.5,0.7,5,0.76,100
96,150,0.2,0.5,0.7,5,1.59,100
3,150,0.2,0.5,0.7,5,0.25,100
116,150,0.2,0.5,0.7,5,3.67,100
118,150,0.2,0.5,0.7,5,2.89,100
115,150,0.2,0.5,0.7,5,1.83,100
101,150,0.2,0.5,0.7,5,1.1,100
114,150,0.2,0.5,0.7,5,1.91,100
115,150,0.2,0.5,0.7,5,3.79,100
116,150,0.2,0.5,0.7,5,3.87,100
111,150,0.2,0.5,0.7,5,4.12,100
1,150,0.2,0.5,0.7,5,0.28,100
118,150,0.2,0.5,0.7,5,3.43,100
105,150,0.2,0.5,0.7,5,1.33,100
1,150,0.2,0.5,0.7,5,0.52,100
109,150,0.2,0.5,0.7,5,1.82,100
88,150,0.2,0.5,0.7,5,0.6,100
118,150,0.2,0.5,0.7,5,3.97,100
115,150,0.2,0.5,0.7,5,3.6,100
117,150,0.2,0.5,0.7,5,4,100
116,150,0.2,0.5,0.7,5,3.48,100
99,150,0.2,0.5,0.7,5,1.91,100
81,150,0.2,0.5,0.7,5,1.45,100
2,150,0.2,0.5,0.7,5,0.46,100
116,150,0.2,0.5,0.7,5,4.07,100
119,150,0.2,0.5,0.7,5,4.8,100
117,150,0.2,0.5,0.7,5,4.1,100
65,150,0.2,0.5,0.7,5,0.29,100
118,150,0.2,0.5,0.7,5,4.35,100
106,150,0.2,0.5,0.7,5,2.96,100
111,150,0.2,0.5,0.7,5,2.56,100
116,150,0.2,0.5,0.7,5,4.74,100
119,150,0.2,0.5,0.7,5,3.27,100
1,150,0.2,0.5,0.7,5,1.66,100
105,150,0.2,0.5,0.7,5,2.17,100
63,150,0.2,0.5,0.7,5,0.53,100
117,150,0.2,0.5,0.7,5,4.29,100
114,150,0.2,0.5,0.7,5,2.27,100
2,150,0.2,0.5,0.7,5,0.21,100
115,150,0.2,0.5,0.7,5,2.86,100
117,150,0.2,0.5,0.7,5,4.9,100
114,150,0.2,0.5,0.7,5,4.87,100
89,150,0.2,0.5,0.7,5,2.24,100
114,150,0.2,0.5,0.7,5,2.47,100
105,150,0.2,0.5,0.7,5,1.95,100
78,150,0.2,0.5,0.7,5,1.2,100
107,150,0.2,0.5,0.7,5,1.94,100
106,150,0.2,0.5,0.7,5,1.73,100
1,150,0.2,0.5,0.7,5,0.8,100
116,150,0.2,0.5,0.7,5,4.91,100
113,150,0.2,0.5,0.7,5,2,100
11,150,0.2,0.5,0.7,5,0.15,100
107,150,0.2,0.5,0.7,5,3.45,100
118,150,0.2,0.5,0.7,5,3.95,100
119,150,0.2,0.5,0.7,5,3.51,100
114,150,0.2,0.5,0.7,5,2.27,100
119,150,0.2,0.5,0.7,5,4.11,100
74,150,0.2,0.5,0.7,5,0.8,100
117,150,0.2,0.5,0.7,5,4.66,100
118,150,0.2,0.5,0.7,5,3.35,100
118,150,0.2,0.5,0.7,5,2.89,100
7,150,0.2,0.5,0.7,5,0.42,100
117,150,0.2,0.5,0.7,5,2.3,100
116,150,0.2,0.5,0.7,5,2.67,100
114,150,0.2,0.5,0.7,5,2.73,100
90,150,0.2,0.5,0.7,5,1.56,100
109,150,0.2,0.5,0.7,5,2.22,100
113,150,0.2,0.5,0.7,5,1.85,100
29,150,0.2,0.5,0.7,5,0.33,100
2,150,0.2,0.5,0.7,5,1.7,100
1,150,0.2,0.5,0.7,5,0.24,100
120,150,0.2,0.5,0.7,5,4.52,100
100,150,0.2,0.5,0.7,5,0.86,100
117,150,0.2,0.5,0.7,5,4.3,100
87,150,0.2,0.5,0.7,5,1.26,100
107,150,0.2,0.5,0.7,5,2.07,100
1,150,0.2,0.5,0.7,5,0.13,100
101,150,0.2,0.5,0.7,5,2.02,100
111,150,0.2,0.5,0.7,5,4.43,100
118,150,0.2,0.5,0.7,5,2.68,100
118,150,0.2,0.5,0.7,5,3.1,100
1,150,0.2,0.5,0.7,5,1.07,100
1,150,0.2,0.5,0.7,5,1.66,100
118,150,0.2,0.5,0.7,5,3,100
94,150,0.2,0.5,0.7,5,1.87,100
12,150,0.2,0.5,0.7,5,0.94,100
82,150,0.2,0.5,0.7,5,1.34,100
15,150,0.2,0.5,0.7,5,0.13,100
118,150,0.2,0.5,0.7,5,3.82,100
104,150,0.2,0.5,0.7,5,2.86,100
1,150,0.2,0.5,0.7,5,0.1,100
103,150,0.2,0.5,0.7,5,3.35,100
115,150,0.2,0.5,0.7,5,4.14,100
116,150,0.2,0.5,0.7,5,3.07,100
105,150,0.2,0.5,0.7,5,2.3,100
118,150,0.2,0.5,0.7,5,4.15,100
105,150,0.2,0.5,0.7,5,2.3,100
6,150,0.2,0.5,0.7,5,0.06,100
105,150,0.2,0.5,0.7,5,3.02,100
108,150,0.2,0.5,0.7,5,1.86,100
2,150,0.2,0.5,0.7,5,1.72,100
116,150,0.2,0.5,0.7,5,3.57,100
101,150,0.2,0.5,0.7,5,3.01,100
93,150,0.2,0.5,0.7,5,1.57,100
116,150,0.2,0.5,0.7,5,4.43,100
59,150,0.2,0.5,0.7,5,1.26,100
49,150,0.2,0.5,0.7,5,0.63,100
119,150,0.2,0.5,0.7,5,4.33,100
103,150,0.2,0.5,0.7,5,1.54,100
100,150,0.2,0.5,0.7,5,4.11,100
1,150,0.2,0.5,0.7,5,0.03,100
110,150,0.2,0.5,0.7,5,1.68,100
2,150,0.2,0.5,0.7,5,0.64,100
118,150,0.2,0.5,0.7,5,4.5,100
69,150,0.2,0.5,0.7,5,0.1,100
113,150,0.2,0.5,0.7,5,1.55,100
100,150,0.2,0.5,0.7,5,1.93,100
97,150,0.2,0.5,0.7,5,2.71,100
88,150,0.2,0.5,0.7,5,1.09,100
119,150,0.2,0.5,0.7,5,4.23,100
92,150,0.2,0.5,0.7,5,1.65,100
119,150,0.2,0.5,0.7,5,3.71,100
119,150,0.2,0.5,0.7,5,3.41,100
116,150,0.2,0.5,0.7,5,4,100
119,150,0.2,0.5,0.7,5,4.23,100
103,150,0.2,0.5,0.7,5,3.33,100
117,150,0.2,0.5,0.7,5,3.83,100
2,150,0.2,0.5,0.7,5,1.25,100
68,150,0.2,0.5,0.7,5,0.18,100
119,150,0.2,0.5,0.7,5,3.97,100
105,150,0.2,0.5,0.7,5,0.89,100
109,150,0.2,0.5,0.7,5,2.49,100
115,150,0.2,0.5,0.7,5,4.47,100
116,150,0.2,0.5,0.7,5,3.61,100
76,150,0.2,0.5,0.7,5,1.52,100
111,150,0.2,0.5,0.7,5,4.25,100
118,150,0.2,0.5,0.7,5,4.89,100
112,150,0.2,0.5,0.7,5,2.5,100
104,150,0.2,0.5,0.7,5,2.85,100
103,150,0.2,0.5,0.7,5,1.92,100
118,150,0.2,0.5,0.7,5,4.45,100
119,150,0.2,0.5,0.7,5,3.94,100
102,150,0.2,0.5,0.7,5,2.17,100
110,150,0.2,0.5,0.7,5,2.15,100
34,150,0.2,0.5,0.7,5,0.89,100
117,150,0.2,0.5,0.7,5,2.78,100
118,150,0.2,0.5,0.7,5,3.77,100
56,150,0.2,0.5,0.7,5,0.49,100
115,150,0.2,0.5,0.7,5,3.7,100
107,150,0.2,0.5,0.7,5,1.62,100
2,150,0.2,0.5,0.7,5,0.67,100
95,150,0.2,0.5,0.7,5,1.09,100
115,150,0.2,0.5,0.7,5,3.23,100
120,150,0.2,0.5,0.7,5,4.24,100
109,150,0.2,0.5,0.7,5,1.76,100
111,150,0.2,0.5,0.7,5,3.9,100
2,150,0.2,0.5,0.7,5,0.5,100
118,150,0.2,0.5,0.7,5,4.37,100
118,150,0.2,0.5,0.7,5,3.24,100
1,150,0.2,0.5,0.7,5,1.31,100
100,150,0.2,0.5,0.7,5,2.31,100
1,150,0.2,0.5,0.7,5,2.33,100
47,150,0.2,0.5,0.7,5,0.33,100
15,150,0.2,0.5,0.7,5,2.67,100
119,150,0.2,0.5,0.7,5,4.76,100
114,150,0.2,0.5,0.7,5,3.48,100
2,150,0.2,0.5,0.7,5,2.52,100
79,150,0.2,0.5,0.7,5,0.81,100
119,150,0.2,0.5,0.7,5,4.78,100
118,150,0.2,0.5,0.7,5,3.3,100
117,150,0.2,0.5,0.7,5,3.61,100
99,150,0.2,0.5,0.7,5,3.14,100
113,150,0.2,0.5,0.7,5,2.59,100
118,150,0.2,0.5,0.7,5,4.55,100
26,150,0.2,0.5,0.7,5,1.9,100
97,150,0.2,0.5,0.7,5,1.01,100
82,150,0.2,0.5,0.7,5,2.64,100
105,150,0.2,0.5,0.7,5,2.8,100
117,150,0.2,0.5,0.7,5,4.32,100
105,150,0.2,0.5,0.7,5,0.96,100
118,150,0.2,0.5,0.7,5,3.28,100
1,150,0.2,0.5,0.7,5,0.48,100
117,150,0.2,0.5,0.7,5,4.61,100
115,150,0.2,0.5,0.7,5,3.52,100
84,150,0.2,0.5,0.7,5,0.43,100
105,150,0.2,0.5,0.7,5,4.02,100
29,150,0.2,0.5,0.7,5,1.1,100
115,150,0.2,0.5,0.7,5,4.13,100
117,150,0.2,0.5,0.7,5,3.63,100
101,150,0.2,0.5,0.7,5,2.53,100
114,150,0.2,0.5,0.7,5,4.09,100
118,150,0.2,0.5,0.7,5,2.46,100
117,150,0.2,0.5,0.7,5,4.43,100
109,150,0.2,0.5,0.7,5,3.31,100
120,150,0.2,0.5,0.7,5,3.39,100
76,150,0.2,0.5,0.7,5,2.44,100
107,150,0.2,0.5,0.7,5,1.71,100
117,150,0.2,0.5,0.7,5,4.58,100
116,150,0.2,0.5,0.7,5,3.69,100
111,150,0.2,0.5,0.7,5,2.4,100
119,150,0.2,0.5,0.7,5,3.47,100
118,150,0.2,0.5,0.7,5,4.17,100
104,150,0.2,0.5,0.7,5,1.38,100
102,150,0.2,0.5,0.7,5,0.51,100
117,150,0.2,0.5,0.7,5,4.28,100
119,150,0.2,0.5,0.7,5,4.67,100
1,150,0.2,0.5,0.7,5,0.15,100
112,150,0.2,0.5,0.7,5,2.84,100
117,150,0.2,0.5,0.7,5,4.38,100
118,150,0.2,0.5,0.7,5,3.18,100
117,150,0.2,0.5,0.7,5,1.92,100
1,150,0.2,0.5,0.7,5,1.32,100
114,150,0.2,0.5,0.7,5,2.38,100
119,150,0.2,0.5,0.7,5,2.98,100
111,150,0.2,0.5,0.7,5,3.76,100
111,150,0.2,0.5,0.7,5,3.64,100
118,150,0.2,0.5,0.7,5,4.73,100
107,150,0.2,0.5,0.7,5,1.25,100
1,150,0.2,0.5,0.7,5,0.56,100
70,150,0.2,0.5,0.7,5,0.47,100
118,150,0.2,0.5,0.7,5,4.68,100
117,150,0.2,0.5,0.7,5,2.97,100
108,150,0.2,0.5,0.7,5,1.47,100
119,150,0.2,0.5,0.7,5,3.7,100
104,150,0.2,0.5,0.7,5,3.2,100
78,150,0.2,0.5,0.7,5,0.43,100
119,150,0.2,0.5,0.7,5,4.14,100
114,150,0.2,0.5,0.7,5,2.06,100
1,150,0.2,0.5,0.7,5,2.31,100
104,150,0.2,0.5,0.7,5,1.26,100
87,150,0.2,0.5,0.7,5,2.41,100
116,150,0.2,0.5,0.7,5,3.93,100
114,150,0.2,0.5,0.7,5,2.82,100
118,150,0.2,0.5,0.7,5,3.89,100
116,150,0.2,0.5,0.7,5,2.25,100
114,150,0.2,0.5,0.7,5,3.72,100
114,150,0.2,0.5,0.7,5,2.77,100
113,150,0.2,0.5,0.7,5,2.01,100
2,150,0.2,0.5,0.7,5,0.2,100
104,150,0.2,0.5,0.7,5,2.35,100
120,150,0.2,0.5,0.7,5,4.08,100
115,150,0.2,0.5,0.7,5,2.35,100
116,150,0.2,0.5,0.7,5,3.19,100
116,150,0.2,0.5,0.7,5,4.14,100
91,150,0.2,0.5,0.7,5,0.17,100
110,150,0.2,0.5,0.7,5,2.28,100
102,150,0.2,0.5,0.7,5,0.67,100
105,150,0.2,0.5,0.7,5,1.91,100
81,150,0.2,0.5,0.7,5,1.81,100
18,150,0.2,0.5,0.7,5,0.18,100
119,150,0.2,0.5,0.7,5,3.67,100
114,150,0.2,0.5,0.7,5,2.98,100
107,150,0.2,0.5,0.7,5,1.9,100
81,150,0.2,0.5,0.7,5,0.9,100
1,150,0.2,0.5,0.7,5,1.3,100
80,150,0.2,0.5,0.7,5,0.66,100
109,150,0.2,0.5,0.7,5,2.22,100
10,150,0.2,0.5,0.7,5,0.95,100
117,150,0.2,0.5,0.7,5,3.61,100
118,150,0.2,0.5,0.7,5,4.67,100
106,150,0.2,0.5,0.7,5,4.5,100
119,150,0.2,0.5,0.7,5,3.4,100
115,150,0.2,0.5,0.7,5,3.97,100
114,150,0.2,0.5,0.7,5,4.17,100
113,150,0.2,0.5,0.7,5,3.45,100
94,150,0.2,0.5,0.7,5,0.17,100
113,150,0.2,0.5,0.7,5,2.17,100
49,150,0.2,0.5,0.7,5,0.13,100
119,150,0.2,0.5,0.7,5,4.2,100
1,150,0.2,0.5,0.7,5,0.78,100
111,150,0.2,0.5,0.7,5,3.96,100
81,150,0.2,0.5,0.7,5,1.8,100
117,150,0.2,0.5,0.7,5,2.69,100
97,150,0.2,0.5,0.7,5,0.82,100
119,150,0.2,0.5,0.7,5,4.54,100
118,150,0.2,0.5,0.7,5,3.56,100
14,150,0.2,0.5,0.7,5,1.33,100
119,150,0.2,0.5,0.7,5,3.73,100
111,150,0.2,0.5,0.7,5,2.41,100
61,150,0.2,0.5,0.7,5,2.13,100
120,150,0.2,0.5,0.7,5,4.65,100
111,150,0.2,0.5,0.7,5,1.77,100
25,150,0.2,0.5,0.7,5,0.24,100
111,150,0.2,0.5,0.7,5,3.5,100
59,150,0.2,0.5,0.7,5,0.61,100
119,150,0.2,0.5,0.7,5,4.66,100
83,150,0.2,0.5,0.7,5,2.18,100
115,150,0.2,0.5,0.7,5,2.74,100
113,150,0.2,0.5,0.7,5,1.77,100
117,150,0.2,0.5,0.7,5,4.23,100
118,150,0.2,0.5,0.7,5,3.73,100
118,150,0.2,0.5,0.7,5,4.21,100
111,150,0.2,0.5,0.7,5,2.08,100
111,150,0.2,0.5,0.7,5,2.47,100
117,150,0.2,0.5,0.7,5,4.63,100
91,150,0.2,0.5,0.7,5,1.13,100
25,150,0.2,0.5,0.7,5,0.52,100
1,150,0.2,0.5,0.7,5,1.32,100
118,150,0.2,0.5,0.7,5,2.69,100
52,150,0.2,0.5,0.7,5,0.07,100
2,150,0.2,0.5,0.7,5,2.78,100
106,150,0.2,0.5,0.7,5,2.04,100
1,150,0.2,0.5,0.7,5,1.4,100
116,150,0.2,0.5,0.7,5,3.63,100
66,150,0.2,0.5,0.7,5,0.48,100
120,150,0.2,0.5,0.7,5,2.34,100
120,150,0.2,0.5,0.7,5,4.86,100
69,150,0.2,0.5,0.7,5,0.02,100
112,150,0.2,0.5,0.7,5,1.35,100
117,150,0.2,0.5,0.7,5,3.21,100
101,150,0.2,0.5,0.7,5,1.18,100
115,150,0.2,0.5,0.7,5,1.9,100
117,150,0.2,0.5,0.7,5,4.17,100
119,150,0.2,0.5,0.7,5,3.25,100
84,150,0.2,0.5,0.7,5,1.45,100
1,150,0.2,0.5,0.7,5,0.14,100
116,150,0.2,0.5,0.7,5,3.18,100
89,150,0.2,0.5,0.7,5,0.77,100
3,150,0.2,0.5,0.7,5,0.89,100
109,150,0.2,0.5,0.7,5,2.92,100
113,150,0.2,0.5,0.7,5,2.93,100
115,150,0.2,0.5,0.7,5,4.35,100
1,150,0.2,0.5,0.7,5,1.16,100
117,150,0.2,0.5,0.7,5,4.17,100
116,150,0.2,0.5,0.7,5,2.88,100
101,150,0.2,0.5,0.7,5,2.6,100
115,150,0.2,0.5,0.7,5,2.85,100
88,150,0.2,0.5,0.7,5,0.24,100
117,150,0.2,0.5,0.7,5,4.83,100
111,150,0.2,0.5,0.7,5,2.4,100
56,150,0.2,0.5,0.7,5,1.07,100
119,150,0.2,0.5,0.7,5,2.74,100
119,150,0.2,0.5,0.7,5,3.35,100
18,150,0.2,0.5,0.7,5,0.29,100
95,150,0.2,0.5,0.7,5,1.27,100
112,150,0.2,0.5,0.7,5,3.07,100
8,150,0.2,0.5,0.7,5,0.05,100
117,150,0.2,0.5,0.7,5,4.29,100
17,150,0.2,0.5,0.7,5,0.24,100
112,150,0.2,0.5,0.7,5,1.96,100
1,150,0.2,0.5,0.7,5,0.16,100
115,150,0.2,0.5,0.7,5,2.68,100
119,150,0.2,0.5,0.7,5,3.91,100
85,150,0.2,0.5,0.7,5,0.79,100
117,150,0.2,0.5,0.7,5,4.08,100
120,150,0.2,0.5,0.7,5,4.87,100
117,150,0.2,0.5,0.7,5,4.36,100
116,150,0.2,0.5,0.7,5,4.87,100
120,150,0.2,0.5,0.7,5,4.4,100
49,150,0.2,0.5,0.7,5,0.93,100
109,150,0.2,0.5,0.7,5,2.83,100
119,150,0.2,0.5,0.7,5,2.97,100
1,150,0.2,0.5,0.7,5,0.44,100
114,150,0.2,0.5,0.7,5,1.67,100
116,150,0.2,0.5,0.7,5,3.99,100
113,150,0.2,0.5,0.7,5,4.67,100
1,150,0.2,0.5,0.7,5,0.37,100
1,150,0.2,0.5,0.7,5,0.28,100
68,150,0.2,0.5,0.7,5,0.99,100
118,150,0.2,0.5,0.7,5,4.92,100
10,150,0.2,0.5,0.7,5,0.86,100
117,150,0.2,0.5,0.7,5,4.55,100
113,150,0.2,0.5,0.7,5,3.22,100
117,150,0.2,0.5,0.7,5,4.38,100
120,150,0.2,0.5,0.7,5,4.1,100
1,150,0.2,0.5,0.7,5,0.79,100
111,150,0.2,0.5,0.7,5,2.6,100
1,150,0.2,0.5,0.7,5,1.89,100
110,150,0.2,0.5,0.7,5,3.77,100
118,150,0.2,0.5,0.7,5,4.14,100
105,150,0.2,0.5,0.7,5,1.39,100
1,150,0.2,0.5,0.7,5,2.1,100
110,150,0.2,0.5,0.7,5,1.62,100
1,150,0.2,0.5,0.7,5,0.34,100
119,150,0.2,0.5,0.7,5,2.75,100
98,150,0.2,0.5,0.7,5,3.98,100
105,150,0.2,0.5,0.7,5,2.63,100
116,150,0.2,0.5,0.7,5,3.83,100
115,150,0.2,0.5,0.7,5,3.71,100
117,150,0.2,0.5,0.7,5,1.76,100
116,150,0.2,0.5,0.7,5,4.95,100
94,150,0.2,0.5,0.7,5,1.94,100
105,150,0.2,0.5,0.7,5,2.06,100
100,150,0.2,0.5,0.7,5,4.49,100
118,150,0.2,0.5,0.7,5,4.44,100
117,150,0.2,0.5,0.7,5,2.63,100
115,150,0.2,0.5,0.7,5,3.59,100
105,150,0.2,0.5,0.7,5,2.19,100
114,150,0.2,0.5,0.7,5,2.49,100
119,150,0.2,0.5,0.7,5,4.3,100
116,150,0.2,0.5,0.7,5,4.73,100
2,150,0.2,0.5,0.7,5,0.43,100
120,150,0.2,0.5,0.7,5,4.89,100
1,150,0.2,0.5,0.7,5,0.57,100
87,150,0.2,0.5,0.7,5,1.36,100
112,150,0.2,0.5,0.7,5,3.92,100
10,150,0.2,0.5,0.7,5,0.13,100
113,150,0.2,0.5,0.7,5,3.61,100
1,150,0.2,0.5,0.7,5,0.4,100
111,150,0.2,0.5,0.7,5,2.11,100
115,150,0.2,0.5,0.7,5,2.91,100
1,150,0.2,0.5,0.7,5,2.16,100
107,150,0.2,0.5,0.7,5,2.46,100
88,150,0.2,0.5,0.7,5,1.86,100
109,150,0.2,0.5,0.7,5,3.29,100
108,150,0.2,0.5,0.7,5,3.06,100
118,150,0.2,0.5,0.7,5,4.01,100
101,150,0.2,0.5,0.7,5,2.14,100
106,150,0.2,0.5,0.7,5,1.92,100
116,150,0.2,0.5,0.7,5,3.85,100
97,150,0.2,0.5,0.7,5,0.8,100
106,150,0.2,0.5,0.7,5,2.58,100
112,150,0.2,0.5,0.7,5,1.97,100
1,150,0.2,0.5,0.7,5,0.58,100
102,150,0.2,0.5,0.7,5,1.34,100
114,150,0.2,0.5,0.7,5,3.13,100
116,150,0.2,0.5,0.7,5,3.66,100
89,150,0.2,0.5,0.7,5,1.65,100
106,150,0.2,0.5,0.7,5,1.92,100
116,150,0.2,0.5,0.7,5,2.97,100
115,150,0.2,0.5,0.7,5,2.06,100
18,150,0.2,0.5,0.7,5,1.44,100
1,150,0.2,0.5,0.7,5,0.74,100
116,150,0.2,0.5,0.7,5,3.55,100
1,150,0.2,0.5,0.7,5,0.08,100
113,150,0.2,0.5,0.7,5,2.38,100
94,150,0.2,0.5,0.7,5,1.05,100
117,150,0.2,0.5,0.7,5,4.78,100
109,150,0.2,0.5,0.7,5,1.71,100
102,150,0.2,0.5,0.7,5,1.48,100
118,150,0.2,0.5,0.7,5,3.2,100
79,150,0.2,0.5,0.7,5,0.99,100
101,150,0.2,0.5,0.7,5,2.08,100
104,150,0.2,0.5,0.7,5,1.76,100
103,150,0.2,0.5,0.7,5,0.8,100
89,150,0.2,0.5,0.7,5,1.29,100
111,150,0.2,0.5,0.7,5,3.04,100
118,150,0.2,0.5,0.7,5,3.97,100
117,150,0.2,0.5,0.7,5,2.37,100
107,150,0.2,0.5,0.7,5,1.66,100
3,150,0.2,0.5,0.7,5,0.8,100
2,150,0.2,0.5,0.7,5,0.27,100
117,150,0.2,0.5,0.7,5,3.78,100
116,150,0.2,0.5,0.7,5,4.81,100
42,150,0.2,0.5,0.7,5,1.15,100
110,150,0.2,0.5,0.7,5,2.13,100
116,150,0.2,0.5,0.7,5,2.37,100
9,150,0.2,0.5,0.7,5,0.25,100
100,150,0.2,0.5,0.7,5,2.11,100
116,150,0.2,0.5,0.7,5,3.73,100
4,150,0.2,0.5,0.7,5,0.69,100
117,150,0.2,0.5,0.7,5,4.13,100
83,150,0.2,0.5,0.7,5,1.13,100
104,150,0.2,0.5,0.7,5,1.49,100
115,150,0.2,0.5,0.7,5,4.27,100
1,150,0.2,0.5,0.7,5,0.45,100
108,150,0.2,0.5,0.7,5,2.72,100
43,150,0.2,0.5,0.7,5,0.71,100
104,150,0.2,0.5,0.7,5,2.21,100
120,150,0.2,0.5,0.7,5,3.91,100
107,150,0.2,0.5,0.7,5,2.62,100
1,150,0.2,0.5,0.7,5,0.58,100
115,150,0.2,0.5,0.7,5,2.28,100
118,150,0.2,0.5,0.7,5,4.76,100
2,150,0.2,0.5,0.7,5,0.18,100
34,150,0.2,0.5,0.7,5,1.21,100
2,150,0.2,0.5,0.7,5,1.68,100
120,150,0.2,0.5,0.7,5,4.96,100
113,150,0.2,0.5,0.7,5,1.46,100
117,150,0.2,0.5,0.7,5,4,100
1,150,0.2,0.5,0.7,5,1.18,100
119,150,0.2,0.5,0.7,5,4.33,100
2,150,0.2,0.5,0.7,5,0.29,100
120,150,0.2,0.5,0.7,5,4.99,100
2,150,0.2,0.5,0.7,5,1.68,100
103,150,0.2,0.5,0.7,5,2.2,100
19,150,0.2,0.5,0.7,5,1.59,100
100,150,0.2,0.5,0.7,5,1.21,100
97,150,0.2,0.5,0.7,5,1.67,100
114,150,0.2,0.5,0.7,5,3.68,100
118,150,0.2,0.5,0.7,5,3.41,100
79,150,0.2,0.5,0.7,5,1.74,100
118,150,0.2,0.5,0.7,5,3.89,100
83,150,0.2,0.5,0.7,5,1.37,100
118,150,0.2,0.5,0.7,5,3.69,100
94,150,0.2,0.5,0.7,5,1.6,100
114,150,0.2,0.5,0.7,5,2.77,100
1,150,0.2,0.5,0.7,5,0.07,100
114,150,0.2,0.5,0.7,5,1.99,100
104,150,0.2,0.5,0.7,5,2.18,100
117,150,0.2,0.5,0.7,5,3.24,100
1,150,0.2,0.5,0.7,5,0.16,100
113,150,0.2,0.5,0.7,5,1.89,100
106,150,0.2,0.5,0.7,5,2.56,100
61,150,0.2,0.5,0.7,5,0.65,100
116,150,0.2,0.5,0.7,5,2.26,100
100,150,0.2,0.5,0.7,5,3.74,100
120,150,0.2,0.5,0.7,5,4.46,100
117,150,0.2,0.5,0.7,5,4.91,100
1,150,0.2,0.5,0.7,5,0.06,100
1,150,0.2,0.5,0.7,5,1.79,100
96,150,0.2,0.5,0.7,5,1.89,100
104,150,0.2,0.5,0.7,5,2.36,100
81,150,0.2,0.5,0.7,5,1.91,100
120,150,0.2,0.5,0.7,5,3.47,100
97,150,0.2,0.5,0.7,5,2.83,100
113,150,0.2,0.5,0.7,5,4.06,100
102,150,0.2,0.5,0.7,5,1.82,100
116,150,0.2,0.5,0.7,5,3.2,100
117,150,0.2,0.5,0.7,5,3.1,100
22,150,0.2,0.5,0.7,5,0.01,100
80,150,0.2,0.5,0.7,5,3.47,100
118,150,0.2,0.5,0.7,5,2.68,100
115,150,0.2,0.5,0.7,5,2.99,100
1,150,0.2,0.5,0.7,5,0.11,100
112,150,0.2,0.5,0.7,5,3.68,100
118,150,0.2,0.5,0.7,5,2.47,100
111,150,0.2,0.5,0.7,5,3.02,100
107,150,0.2,0.5,0.7,5,2.09,100
111,150,0.2,0.5,0.7,5,4.21,100
100,150,0.2,0.5,0.7,5,4.16,100
119,150,0.2,0.5,0.7,5,4.36,100
109,150,0.2,0.5,0.7,5,1.54,100
112,150,0.2,0.5,0.7,5,2.27,100
119,150,0.2,0.5,0.7,5,4.18,100
105,150,0.2,0.5,0.7,5,3.14,100
114,150,0.2,0.5,0.7,5,3.56,100
114,150,0.2,0.5,0.7,5,2.24,100
118,150,0.2,0.5,0.7,5,3.88,100
98,150,0.2,0.5,0.7,5,3.16,100
120,150,0.2,0.5,0.7,5,4.77,100
86,150,0.2,0.5,0.7,5,1.04,100
97,150,0.2,0.5,0.7,5,1.89,100
110,150,0.2,0.5,0.7,5,2.88,100
111,150,0.2,0.5,0.7,5,2.15,100
117,150,0.2,0.5,0.7,5,4.38,100
118,150,0.2,0.5,0.7,5,3.42,100
90,150,0.2,0.5,0.7,5,1.93,100
118,150,0.2,0.5,0.7,5,3.85,100
118,150,0.2,0.5,0.7,5,2.61,100
107,150,0.2,0.5,0.7,5,1.37,100
1,150,0.2,0.5,0.7,5,0.07,100
116,150,0.2,0.5,0.7,5,4.64,100
57,150,0.2,0.5,0.7,5,0.19,100
114,150,0.2,0.5,0.7,5,2.86,100
108,150,0.2,0.5,0.7,5,1.87,100
118,150,0.2,0.5,0.7,5,3.54,100
116,150,0.2,0.5,0.7,5,3.56,100
104,150,0.2,0.5,0.7,5,3.91,100
2,150,0.2,0.5,0.7,5,4.36,100
103,150,0.2,0.5,0.7,5,1.62,100
116,150,0.2,0.5,0.7,5,3.84,100
1,150,0.2,0.5,0.7,5,0.74,100
111,150,0.2,0.5,0.7,5,2.82,100
120,150,0.2,0.5,0.7,5,4.08,100
1,150,0.2,0.5,0.7,5,0.17,100
109,150,0.2,0.5,0.7,5,2.86,100
1,150,0.2,0.5,0.7,5,0.62,100
20,150,0.2,0.5,0.7,5,0.35,100
3,150,0.2,0.5,0.7,5,0.68,100
100,150,0.2,0.5,0.7,5,2.14,100
118,150,0.2,0.5,0.7,5,4.86,100
117,150,0.2,0.5,0.7,5,2.65,100
1,150,0.2,0.5,0.7,5,0.72,100
1,150,0.2,0.5,0.7,5,0.53,100
109,150,0.2,0.5,0.7,5,3.46,100
113,150,0.2,0.5,0.7,5,3.52,100
118,150,0.2,0.5,0.7,5,2.69,100
42,150,0.2,0.5,0.7,5,0.89,100
115,150,0.2,0.5,0.7,5,2.89,100
119,150,0.2,0.5,0.7,5,4.54,100
55,150,0.2,0.5,0.7,5,1.69,100
117,150,0.2,0.5,0.7,5,3.32,100
111,150,0.2,0.5,0.7,5,3.21,100
101,150,0.2,0.5,0.7,5,2.67,100
1,150,0.2,0.5,0.7,5,0.05,100
118,150,0.2,0.5,0.7,5,4.5,100
38,150,0.2,0.5,0.7,5,0.77,100
110,150,0.2,0.5,0.7,5,1.88,100
113,150,0.2,0.5,0.7,5,4.62,100
119,150,0.2,0.5,0.7,5,4.6,100
119,150,0.2,0.5,0.7,5,2.48,100
2,150,0.2,0.5,0.7,5,0.59,100
1,150,0.2,0.5,0.7,5,0.81,100
116,150,0.2,0.5,0.7,5,3.82,100
107,150,0.2,0.5,0.7,5,2.32,100
1,150,0.2,0.5,0.7,5,0.53,100
119,150,0.2,0.5,0.7,5,4.27,100
118,150,0.2,0.5,0.7,5,4.9,100
119,150,0.2,0.5,0.7,5,4.15,100
100,150,0.2,0.5,0.7,5,1.36,100
114,150,0.2,0.5,0.7,5,4.21,100
1,150,0.2,0.5,0.7,5,0.02,100
116,150,0.2,0.5,0.7,5,1.99,100
117,150,0.2,0.5,0.7,5,4.3,100
119,150,0.2,0.5,0.7,5,3.49,100
13,150,0.2,0.5,0.7,5,0.12,100
108,150,0.2,0.5,0.7,5,3,100
1,150,0.2,0.5,0.7,5,0.86,100
114,150,0.2,0.5,0.7,5,2.49,100
113,150,0.2,0.5,0.7,5,3.63,100
89,150,0.2,0.5,0.7,5,1.33,100
111,150,0.2,0.5,0.7,5,2.71,100
119,150,0.2,0.5,0.7,5,3.97,100
93,150,0.2,0.5,0.7,5,1.53,100
21,150,0.2,0.5,0.7,5,0.07,100
119,150,0.2,0.5,0.7,5,4.22,100
118,150,0.2,0.5,0.7,5,4.63,100
93,150,0.2,0.5,0.7,5,0.89,100
118,150,0.2,0.5,0.7,5,3.78,100
109,150,0.2,0.5,0.7,5,1.5,100
116,150,0.2,0.5,0.7,5,4.61,100
1,150,0.2,0.5,0.7,5,1.1,100
116,150,0.2,0.5,0.7,5,4.47,100
87,150,0.2,0.5,0.7,5,0.64,100
110,150,0.2,0.5,0.7,5,2.25,100
117,150,0.2,0.5,0.7,5,3.97,100
101,150,0.2,0.5,0.7,5,2.57,100
118,150,0.2,0.5,0.7,5,4.9,100
119,150,0.2,0.5,0.7,5,4.7,100
118,150,0.2,0.5,0.7,5,3.12,100
118,150,0.2,0.5,0.7,5,3.6,100
52,150,0.2,0.5,0.7,5,1.46,100
105,150,0.2,0.5,0.7,5,2.08,100
117,150,0.2,0.5,0.7,5,1.87,100
116,150,0.2,0.5,0.7,5,4.2,100
95,150,0.2,0.5,0.7,5,0.35,100
114,150,0.2,0.5,0.7,5,4.99,100
120,150,0.2,0.5,0.7,5,4.99,100
99,150,0.2,0.5,0.7,5,1.23,100
116,150,0.2,0.5,0.7,5,2.23,100
100,150,0.2,0.5,0.7,5,0.98,100
119,150,0.2,0.5,0.7,5,4.56,100
106,150,0.2,0.5,0.7,5,2.91,100
116,150,0.2,0.5,0.7,5,4,100
119,150,0.2,0.5,0.7,5,3.92,100
51,150,0.2,0.5,0.7,5,0.37,100
110,150,0.2,0.5,0.7,5,1.81,100
3,150,0.2,0.5,0.7,5,0.78,100
84,150,0.2,0.5,0.7,5,2.35,100
118,150,0.2,0.5,0.7,5,4.89,100
1,150,0.2,0.5,0.7,5,0.64,100
119,150,0.2,0.5,0.7,5,4.19,100
119,150,0.2,0.5,0.7,5,4.41,100
109,150,0.2,0.5,0.7,5,1.15,100
69,150,0.2,0.5,0.7,5,0.2,100
116,150,0.2,0.5,0.7,5,3.45,100
111,150,0.2,0.5,0.7,5,1.18,100
115,150,0.2,0.5,0.7,5,3.22,100
120,150,0.2,0.5,0.7,5,4.62,100
120,150,0.2,0.5,0.7,5,3.68,100
98,150,0.2,0.5,0.7,5,1.28,100
115,150,0.2,0.5,0.7,5,1.76,100
111,150,0.2,0.5,0.7,5,3.07,100
115,150,0.2,0.5,0.7,5,4.08,100
104,150,0.2,0.5,0.7,5,1.28,100
99,150,0.2,0.5,0.7,5,1.73,100
104,150,0.2,0.5,0.7,5,0.36,100
112,150,0.2,0.5,0.7,5,4.56,100
114,150,0.2,0.5,0.7,5,4.56,100
119,150,0.2,0.5,0.7,5,4.18,100
86,150,0.2,0.5,0.7,5,0.98,100
118,150,0.2,0.5,0.7,5,4.51,100
117,150,0.2,0.5,0.7,5,4.74,100
1,150,0.2,0.5,0.7,5,0.92,100
10,150,0.2,0.5,0.7,5,1.79,100
81,150,0.2,0.5,0.7,5,1.9,100
117,150,0.2,0.5,0.7,5,3.98,100
85,150,0.2,0.5,0.7,5,0.61,100
117,150,0.2,0.5,0.7,5,3.45,100
111,150,0.2,0.5,0.7,5,4.47,100
109,150,0.2,0.5,0.7,5,4.17,100
106,150,0.2,0.5,0.7,5,2.82,100
111,150,0.2,0.5,0.7,5,1.65,100
119,150,0.2,0.5,0.7,5,4.94,100
120,150,0.2,0.5,0.7,5,4.03,100
118,150,0.2,0.5,0.7,5,2.95,100
44,150,0.2,0.5,0.7,5,0.98,100
118,150,0.2,0.5,0.7,5,4.38,100
111,150,0.2,0.5,0.7,5,2.2,100
88,150,0.2,0.5,0.7,5,0.73,100
120,150,0.2,0.5,0.7,5,4.99,100
5,150,0.2,0.5,0.7,5,3.1,100
46,150,0.2,0.5,0.7,5,1.61,100
119,150,0.2,0.5,0.7,5,4.29,100
120,150,0.2,0.5,0.7,5,4.82,100
80,150,0.2,0.5,0.7,5,1.47,100
115,150,0.2,0.5,0.7,5,2.85,100
108,150,0.2,0.5,0.7,5,2.4,100
116,150,0.2,0.5,0.7,5,4.86,100
119,150,0.2,0.5,0.7,5,4.24,100
105,150,0.2,0.5,0.7,5,4.34,100
118,150,0.2,0.5,0.7,5,4.74,100
114,150,0.2,0.5,0.7,5,4.12,100
115,150,0.2,0.5,0.7,5,3.93,100
1,150,0.2,0.5,0.7,5,0.12,100
117,150,0.2,0.5,0.7,5,3.41,100
113,150,0.2,0.5,0.7,5,3.96,100
117,150,0.2,0.5,0.7,5,4.99,100
113,150,0.2,0.5,0.7,5,4.96,100
107,150,0.2,0.5,0.7,5,1.32,100
118,150,0.2,0.5,0.7,5,4.65,100
100,150,0.2,0.5,0.7,5,1.42,100
110,150,0.2,0.5,0.7,5,1.55,100
1,150,0.2,0.5,0.7,5,0.19,100
117,150,0.2,0.5,0.7,5,3.44,100
1,150,0.2,0.5,0.7,5,0.33,100
108,150,0.2,0.5,0.7,5,2.3,100
4,150,0.2,0.5,0.7,5,0.79,100
109,150,0.2,0.5,0.7,5,2.87,100
115,150,0.2,0.5,0.7,5,4.54,100
117,150,0.2,0.5,0.7,5,3.25,100
114,150,0.2,0.5,0.7,5,2.2,100
98,150,0.2,0.5,0.7,5,1.89,100
120,150,0.2,0.5,0.7,5,3.39,100
118,150,0.2,0.5,0.7,5,3.88,100
107,150,0.2,0.5,0.7,5,2.42,100
116,150,0.2,0.5,0.7,5,3.53,100
117,150,0.2,0.5,0.7,5,3.8,100
2,150,0.2,0.5,0.7,5,0.57,100
118,150,0.2,0.5,0.7,5,4.92,100
118,150,0.2,0.5,0.7,5,3.62,100
114,150,0.2,0.5,0.7,5,3.62,100
116,150,0.2,0.5,0.7,5,2.07,100
104,150,0.2,0.5,0.7,5,2.28,100
110,150,0.2,0.5,0.7,5,1.86,100
113,150,0.2,0.5,0.7,5,2.3,100
119,150,0.2,0.5,0.7,5,4.05,100
64,150,0.2,0.5,0.7,5,1.27,100
73,150,0.2,0.5,0.7,5,0.95,100
111,150,0.2,0.5,0.7,5,2.49,100
114,150,0.2,0.5,0.7,5,2.87,100
117,150,0.2,0.5,0.7,5,4.31,100
86,150,0.2,0.5,0.7,5,1.04,100
116,150,0.2,0.5,0.7,5,3.09,100
118,150,0.2,0.5,0.7,5,3.71,100
3,150,0.2,0.5,0.7,5,2.01,100
120,150,0.2,0.5,0.7,5,3.01,100
119,150,0.2,0.5,0.7,5,3.41,100
116,150,0.2,0.5,0.7,5,3.93,100
112,150,0.2,0.5,0.7,5,3.11,100
118,150,0.2,0.5,0.7,5,3.16,100
118,150,0.2,0.5,0.7,5,4.03,100
107,150,0.2,0.5,0.7,5,4.71,100
109,150,0.2,0.5,0.7,5,2.48,100
118,150,0.2,0.5,0.7,5,3.68,100
47,150,0.2,0.5,0.7,5,2.6,100
91,150,0.2,0.5,0.7,5,0.99,100
114,150,0.2,0.5,0.7,5,2.8,100
100,150,0.2,0.5,0.7,5,1.42,100
1,150,0.2,0.5,0.7,5,0.24,100
119,150,0.2,0.5,0.7,5,4.89,100
1,150,0.2,0.5,0.7,5,1.47,100
119,150,0.2,0.5,0.7,5,3.45,100
1,150,0.2,0.5,0.7,5,0.39,100
118,150,0.2,0.5,0.7,5,2.99,100
90,150,0.2,0.5,0.7,5,0.52,100
112,150,0.2,0.5,0.7,5,3.11,100
108,150,0.2,0.5,0.7,5,2.68,100
115,150,0.2,0.5,0.7,5,4,100
64,150,0.2,0.5,0.7,5,1.81,100
1,150,0.2,0.5,0.7,5,0.01,100
120,150,0.2,0.5,0.7,5,4.14,100
118,150,0.2,0.5,0.7,5,3.51,100
107,150,0.2,0.5,0.7,5,1.99,100
114,150,0.2,0.5,0.7,5,1.71,100
37,150,0.2,0.5,0.7,5,0.4,100
103,150,0.2,0.5,0.7,5,1.43,100
105,150,0.2,0.5,0.7,5,1.84,100
116,150,0.2,0.5,0.7,5,3.46,100
119,150,0.2,0.5,0.7,5,4.72,100
2,150,0.2,0.5,0.7,5,0.53,100
55,150,0.2,0.5,0.7,5,1.42,100
115,150,0.2,0.5,0.7,5,3.3,100
115,150,0.2,0.5,0.7,5,2.18,100
110,150,0.2,0.5,0.7,5,4.45,100
116,150,0.2,0.5,0.7,5,3.05,100
114,150,0.2,0.5,0.7,5,2.71,100
115,150,0.2,0.5,0.7,5,3.56,100
118,150,0.2,0.5,0.7,5,4.75,100
108,150,0.2,0.5,0.7,5,2.61,100
117,150,0.2,0.5,0.7,5,4.78,100
116,150,0.2,0.5,0.7,5,4.42,100
114,150,0.2,0.5,0.7,5,2.83,100
114,150,0.2,0.5,0.7,5,3.38,100
93,150,0.2,0.5,0.7,5,0.81,100
86,150,0.2,0.5,0.7,5,0.56,100
109,150,0.2,0.5,0.7,5,1.85,100
114,150,0.2,0.5,0.7,5,2.98,100
61,150,0.2,0.5,0.7,5,0.43,100
115,150,0.2,0.5,0.7,5,3.78,100
120,150,0.2,0.5,0.7,5,4.01,100
113,150,0.2,0.5,0.7,5,2.61,100
1,150,0.2,0.5,0.7,5,0.68,100
118,150,0.2,0.5,0.7,5,3.91,100
108,150,0.2,0.5,0.7,5,4.19,100
2,150,0.2,0.5,0.7,5,1.46,100
99,150,0.2,0.5,0.7,5,1.86,100
81,150,0.2,0.5,0.7,5,0.52,100
118,150,0.2,0.5,0.7,5,2.66,100
112,150,0.2,0.5,0.7,5,1.92,100
88,150,0.2,0.5,0.7,5,1.77,100
110,150,0.2,0.5,0.7,5,2.67,100
119,150,0.2,0.5,0.7,5,3.61,100
49,150,0.2,0.5,0.7,5,0.41,100
27,150,0.2,0.5,0.7,5,0.48,100
110,150,0.2,0.5,0.7,5,2.6,100
1,150,0.2,0.5,0.7,5,0.15,100
5,150,0.2,0.5,0.7,5,0.37,100
119,150,0.2,0.5,0.7,5,3.3,100
10,150,0.2,0.5,0.7,5,0.22,100
117,150,0.2,0.5,0.7,5,4.52,100
110,150,0.2,0.5,0.7,5,1.74,100
120,150,0.2,0.5,0.7,5,4.69,100
118,150,0.2,0.5,0.7,5,4.64,100
113,150,0.2,0.5,0.7,5,4.45,100
116,150,0.2,0.5,0.7,5,3.33,100
119,150,0.2,0.5,0.7,5,3.17,100
106,150,0.2,0.5,0.7,5,4.05,100
4,150,0.2,0.5,0.7,5,1.61,100
17,150,0.2,0.5,0.7,5,2.34,100
1,150,0.2,0.5,0.7,5,0.46,100
120,150,0.2,0.5,0.7,5,3.8,100
116,150,0.2,0.5,0.7,5,4.61,100
2,150,0.2,0.5,0.7,5,0.87,100
116,150,0.2,0.5,0.7,5,4.6,100
1,150,0.2,0.5,0.7,5,0.89,100
114,150,0.2,0.5,0.7,5,2.92,100
118,150,0.2,0.5,0.7,5,3.87,100
1,150,0.2,0.5,0.7,5,0.18,100
74,150,0.2,0.5,0.7,5,0.55,100
1,150,0.2,0.5,0.7,5,0.42,100
118,150,0.2,0.5,0.7,5,4.46,100
119,150,0.2,0.5,0.7,5,4.1,100
86,150,0.2,0.5,0.7,5,0.31,100
110,150,0.2,0.5,0.7,5,2,100
58,150,0.2,0.5,0.7,5,1.15,100
1,150,0.2,0.5,0.7,5,0.01,100
110,150,0.2,0.5,0.7,5,3,100
6,150,0.2,0.5,0.7,5,1.1,100
100,150,0.2,0.5,0.7,5,1.88,100
117,150,0.2,0.5,0.7,5,3.16,100
1,150,0.2,0.5,0.7,5,1.06,100
111,150,0.2,0.5,0.7,5,1.55,100
115,150,0.2,0.5,0.7,5,2.45,100
2,150,0.2,0.5,0.7,5,1.48,100
117,150,0.2,0.5,0.7,5,3.95,100
1,150,0.2,0.5,0.7,5,0.06,100
120,150,0.2,0.5,0.7,5,5,100
45,150,0.2,0.5,0.7,5,0.83,100
75,150,0.2,0.5,0.7,5,1.25,100
110,150,0.2,0.5,0.7,5,1.74,100
78,150,0.2,0.5,0.7,5,0.48,100
120,150,0.2,0.5,0.7,5,3.57,100
72,150,0.2,0.5,0.7,5,0.08,100
76,150,0.2,0.5,0.7,5,0.05,100
82,150,0.2,0.5,0.7,5,1.85,100
24,150,0.2,0.5,0.7,5,1.58,100
6,150,0.2,0.5,0.7,5,0.23,100
108,150,0.2,0.5,0.7,5,1.33,100
15,150,0.2,0.5,0.7,5,0.22,100
110,150,0.2,0.5,0.7,5,2.41,100
46,150,0.2,0.5,0.7,5,0.26,100
118,150,0.2,0.5,0.7,5,4.63,100
46,150,0.2,0.5,0.7,5,0.47,100
88,150,0.2,0.5,0.7,5,0.37,100
115,150,0.2,0.5,0.7,5,3.64,100
114,150,0.2,0.5,0.7,5,2.34,100
115,150,0.2,0.5,0.7,5,4.69,100
117,150,0.2,0.5,0.7,5,3.09,100
110,150,0.2,0.5,0.7,5,2.52,100
55,150,0.2,0.5,0.7,5,0.63,100
112,150,0.2,0.5,0.7,5,3.54,100
108,150,0.2,0.5,0.7,5,2.43,100
119,150,0.2,0.5,0.7,5,4.2,100
104,150,0.2,0.5,0.7,5,1.28,100
112,150,0.2,0.5,0.7,5,1.71,100
117,150,0.2,0.5,0.7,5,3.56,100
97,150,0.2,0.5,0.7,5,3.18,100
105,150,0.2,0.5,0.7,5,2.2,100
8,150,0.2,0.5,0.7,5,0.19,100
114,150,0.2,0.5,0.7,5,2.66,100
116,150,0.2,0.5,0.7,5,3.62,100
50,150,0.2,0.5,0.7,5,1.27,100
114,150,0.2,0.5,0.7,5,3.92,100
120,150,0.2,0.5,0.7,5,5,100
114,150,0.2,0.5,0.7,5,1.98,100
118,150,0.2,0.5,0.7,5,3.47,100
118,150,0.2,0.5,0.7,5,2.41,100
108,150,0.2,0.5,0.7,5,2.5,100
112,150,0.2,0.5,0.7,5,1.9,100
1,150,0.2,0.5,0.7,5,0.29,100
115,150,0.2,0.5,0.7,5,4.46,100
82,150,0.2,0.5,0.7,5,0.69,100
120,150,0.2,0.5,0.7,5,4.81,100
107,150,0.2,0.5,0.7,5,1.19,100
115,150,0.2,0.5,0.7,5,3.66,100
120,150,0.2,0.5,0.7,5,3.91,100
111,150,0.2,0.5,0.7,5,2.79,100
93,150,0.2,0.5,0.7,5,1.47,100
1,150,0.2,0.5,0.7,5,3.18,100
21,150,0.2,0.5,0.7,5,0.15,100
94,150,0.2,0.5,0.7,5,0.87,100
117,150,0.2,0.5,0.7,5,2.53,100
112,150,0.2,0.5,0.7,5,1.22,100
113,150,0.2,0.5,0.7,5,1.98,100
115,150,0.2,0.5,0.7,5,2.75,100
98,150,0.2,0.5,0.7,5,3.04,100
91,150,0.2,0.5,0.7,5,1.05,100
115,150,0.2,0.5,0.7,5,1.91,100
113,150,0.2,0.5,0.7,5,2.87,100
116,150,0.2,0.5,0.7,5,2.95,100
100,150,0.2,0.5,0.7,5,2.63,100
37,150,0.2,0.5,0.7,5,1.62,100
120,150,0.2,0.5,0.7,5,3.99,100
107,150,0.2,0.5,0.7,5,2.15,100
6,150,0.2,0.5,0.7,5,1.76,100
1,150,0.2,0.5,0.7,5,1.78,100
113,150,0.2,0.5,0.7,5,2.77,100
119,150,0.2,0.5,0.7,5,3.98,100
35,150,0.2,0.5,0.7,5,0.13,100
98,150,0.2,0.5,0.7,5,2.33,100
113,150,0.2,0.5,0.7,5,3.17,100
119,150,0.2,0.5,0.7,5,3.22,100
112,150,0.2,0.5,0.7,5,4.68,100
117,150,0.2,0.5,0.7,5,4.64,100
14,150,0.2,0.5,0.7,5,1.46,100
115,150,0.2,0.5,0.7,5,4.54,100
115,150,0.2,0.5,0.7,5,2.79,100
10,150,0.2,0.5,0.7,5,2.57,100
1,150,0.2,0.5,0.7,5,1.36,100
1,150,0.2,0.5,0.7,5,0.5,100
113,150,0.2,0.5,0.7,5,2.91,100
67,150,0.2,0.5,0.7,5,1.06,100
115,150,0.2,0.5,0.7,5,3.25,100
1,150,0.2,0.5,0.7,5,0.04,100
112,150,0.2,0.5,0.7,5,4.24,100
117,150,0.2,0.5,0.7,5,3.97,100
79,150,0.2,0.5,0.7,5,3.47,100
119,150,0.2,0.5,0.7,5,4.64,100
1,150,0.2,0.5,0.7,5,1.39,100
1,150,0.2,0.5,0.7,5,0.74,100
34,150,0.2,0.5,0.7,5,0.28,100
1,150,0.2,0.5,0.7,5,0.13,100
108,150,0.2,0.5,0.7,5,4.37,100
9,150,0.2,0.5,0.7,5,0.32,100
118,150,0.2,0.5,0.7,5,3.16,100
119,150,0.2,0.5,0.7,5,3.99,100
118,150,0.2,0.5,0.7,5,3.64,100
113,150,0.2,0.5,0.7,5,1.8,100
1,150,0.2,0.5,0.7,5,0.87,100
102,150,0.2,0.5,0.7,5,1.76,100
84,150,0.2,0.5,0.7,5,2.17,100
119,150,0.2,0.5,0.7,5,3.53,100
1,150,0.2,0.5,0.7,5,2.37,100
115,150,0.2,0.5,0.7,5,4.44,100
63,150,0.2,0.5,0.7,5,0.55,100
93,150,0.2,0.5,0.7,5,1.09,100
118,150,0.2,0.5,0.7,5,4.27,100
118,150,0.2,0.5,0.7,5,4.78,100
119,150,0.2,0.5,0.7,5,3.53,100
102,150,0.2,0.5,0.7,5,1.32,100
95,150,0.2,0.5,0.7,5,1.09,100
53,150,0.2,0.5,0.7,5,0.53,100
117,150,0.2,0.5,0.7,5,4.97,100
117,150,0.2,0.5,0.7,5,4.01,100
88,150,0.2,0.5,0.7,5,0.49,100
70,150,0.2,0.5,0.7,5,2.13,100
97,150,0.2,0.5,0.7,5,1.09,100
119,150,0.2,0.5,0.7,5,3.39,100
109,150,0.2,0.5,0.7,5,2.34,100
114,150,0.2,0.5,0.7,5,1.98,100
113,150,0.2,0.5,0.7,5,4.63,100
107,150,0.2,0.5,0.7,5,2.57,100
89,150,0.2,0.5,0.7,5,1.83,100
6,150,0.2,0.5,0.7,5,0.95,100
120,150,0.2,0.5,0.7,5,4.3,100
115,150,0.2,0.5,0.7,5,2.28,100
118,150,0.2,0.5,0.7,5,4.33,100
1,150,0.2,0.5,0.7,5,0.12,100
78,150,0.2,0.5,0.7,5,1.28,100
4,150,0.2,0.5,0.7,5,1.58,100
1,150,0.2,0.5,0.7,5,0.48,100
116,150,0.2,0.5,0.7,5,3.49,100
99,150,0.2,0.5,0.7,5,1.41,100
108,150,0.2,0.5,0.7,5,2.12,100
116,150,0.2,0.5,0.7,5,3.18,100
115,150,0.2,0.5,0.7,5,2.78,100
116,150,0.2,0.5,0.7,5,4.52,100
102,150,0.2,0.5,0.7,5,1.88,100
111,150,0.2,0.5,0.7,5,1.46,100
114,150,0.2,0.5,0.7,5,1.84,100
60,150,0.2,0.5,0.7,5,2.67,100
119,150,0.2,0.5,0.7,5,3.94,100
115,150,0.2,0.5,0.7,5,3.13,100
111,150,0.2,0.5,0.7,5,2.88,100
89,150,0.2,0.5,0.7,5,0.82,100
115,150,0.2,0.5,0.7,5,1.87,100
111,150,0.2,0.5,0.7,5,2.96,100
57,150,0.2,0.5,0.7,5,0.98,100
116,150,0.2,0.5,0.7,5,4.17,100
112,150,0.2,0.5,0.7,5,4.1,100
29,150,0.2,0.5,0.7,5,0.3,100
119,150,0.2,0.5,0.7,5,4.19,100
115,150,0.2,0.5,0.7,5,4.49,100
117,150,0.2,0.5,0.7,5,3.71,100
114,150,0.2,0.5,0.7,5,2.59,100
117,150,0.2,0.5,0.7,5,4.11,100
1,150,0.2,0.5,0.7,5,0.44,100
120,150,0.2,0.5,0.7,5,4.26,100
120,150,0.2,0.5,0.7,5,2.89,100
29,150,0.2,0.5,0.7,5,0.12,100
1,150,0.2,0.5,0.7,5,0.47,100
113,150,0.2,0.5,0.7,5,4.04,100
64,150,0.2,0.5,0.7,5,0.82,100
119,150,0.2,0.5,0.7,5,3.03,100
100,150,0.2,0.5,0.7,5,1.55,100
113,150,0.2,0.5,0.7,5,3.58,100
17,150,0.2,0.5,0.7,5,0.73,100
118,150,0.2,0.5,0.7,5,2.17,100
119,150,0.2,0.5,0.7,5,4.58,100
116,150,0.2,0.5,0.7,5,3.84,100
93,150,0.2,0.5,0.7,5,1.55,100
116,150,0.2,0.5,0.7,5,3.35,100
111,150,0.2,0.5,0.7,5,1.6,100
2,150,0.2,0.5,0.7,5,0.27,100
118,150,0.2,0.5,0.7,5,4.29,100
120,150,0.2,0.5,0.7,5,4.9,100
95,150,0.2,0.5,0.7,5,1.6,100
1,150,0.2,0.5,0.7,5,0.53,100
118,150,0.2,0.5,0.7,5,4.86,100
116,150,0.2,0.5,0.7,5,3.14,100
115,150,0.2,0.5,0.7,5,2.43,100
93,150,0.2,0.5,0.7,5,0.99,100
115,150,0.2,0.5,0.7,5,3.05,100
111,150,0.2,0.5,0.7,5,3.24,100
119,150,0.2,0.5,0.7,5,4.68,100
8,150,0.2,0.5,0.7,5,2.11,100
1,150,0.2,0.5,0.7,5,0.64,100
103,150,0.2,0.5,0.7,5,1.03,100
92,150,0.2,0.5,0.7,5,0.49,100
119,150,0.2,0.5,0.7,5,4.24,100
112,150,0.2,0.5,0.7,5,1.69,100
47,150,0.2,0.5,0.7,5,1.1,100
1,150,0.2,0.5,0.7,5,2.29,100
111,150,0.2,0.5,0.7,5,2.58,100
117,150,0.2,0.5,0.7,5,4.24,100
2,150,0.2,0.5,0.7,5,0.41,100
82,150,0.2,0.5,0.7,5,0.39,100
49,150,0.2,0.5,0.7,5,1.38,100
113,150,0.2,0.5,0.7,5,4.12,100
118,150,0.2,0.5,0.7,5,4.08,100
118,150,0.2,0.5,0.7,5,3.12,100
115,150,0.2,0.5,0.7,5,1.76,100
1,150,0.2,0.5,0.7,5,4.14,100
1,150,0.2,0.5,0.7,5,1.3,100
120,150,0.2,0.5,0.7,5,3.03,100
92,150,0.2,0.5,0.7,5,1.44,100
110,150,0.2,0.5,0.7,5,2.19,100
115,150,0.2,0.5,0.7,5,2.53,100
113,150,0.2,0.5,0.7,5,2.33,100
106,150,0.2,0.5,0.7,5,2.24,100
56,150,0.2,0.5,0.7,5,0.3,100
73,150,0.2,0.5,0.7,5,3.66,100
109,150,0.2,0.5,0.7,5,2.83,100
65,150,0.2,0.5,0.7,5,0.14,100
116,150,0.2,0.5,0.7,5,4.68,100
1,150,0.2,0.5,0.7,5,1.06,100
114,150,0.2,0.5,0.7,5,2.07,100
94,150,0.2,0.5,0.7,5,1.05,100
109,150,0.2,0.5,0.7,5,1.43,100
83,150,0.2,0.5,0.7,5,2.16,100
1,150,0.2,0.5,0.7,5,0.5,100
116,150,0.2,0.5,0.7,5,2.55,100
1,150,0.2,0.5,0.7,5,0.17,100
1,150,0.2,0.5,0.7,5,1.69,100
115,150,0.2,0.5,0.7,5,2.22,100
1,150,0.2,0.5,0.7,5,0.24,100
104,150,0.2,0.5,0.7,5,1.26,100
115,150,0.2,0.5,0.7,5,1.91,100
119,150,0.2,0.5,0.7,5,4.87,100
1,150,0.2,0.5,0.7,5,0.19,100
109,150,0.2,0.5,0.7,5,3.29,100
57,150,0.2,0.5,0.7,5,1.04,100
92,150,0.2,0.5,0.7,5,1.09,100
1,150,0.2,0.5,0.7,5,0.72,100
99,150,0.2,0.5,0.7,5,1.6,100
19,150,0.2,0.5,0.7,5,0.37,100
119,150,0.2,0.5,0.7,5,4.69,100
47,150,0.2,0.5,0.7,5,1.51,100
92,150,0.2,0.5,0.7,5,1.4,100
82,150,0.2,0.5,0.7,5,0.86,100
114,150,0.2,0.5,0.7,5,3.66,100
99,150,0.2,0.5,0.7,5,1.16,100
23,150,0.2,0.5,0.7,5,2.4,100
110,150,0.2,0.5,0.7,5,2.93,100
91,150,0.2,0.5,0.7,5,1.45,100
118,150,0.2,0.5,0.7,5,4.85,100
1,150,0.2,0.5,0.7,5,0.12,100
115,150,0.2,0.5,0.7,5,3.34,100
7,150,0.2,0.5,0.7,5,0.98,100
99,150,0.2,0.5,0.7,5,3.99,100
102,150,0.2,0.5,0.7,5,1.82,100
104,150,0.2,0.5,0.7,5,1.72,100
84,150,0.2,0.5,0.7,5,0.95,100
114,150,0.2,0.5,0.7,5,3.41,100
120,150,0.2,0.5,0.7,5,4.76,100
1,150,0.2,0.5,0.7,5,0.13,100
120,150,0.2,0.5,0.7,5,4.83,100
105,150,0.2,0.5,0.7,5,0.5,100
114,150,0.2,0.5,0.7,5,3.86,100
119,150,0.2,0.5,0.7,5,4.52,100
110,150,0.2,0.5,0.7,5,3.11,100
113,150,0.2,0.5,0.7,5,2.39,100