114,150,0.2,0,0.5,4,1,5.2
318,150,0.2,0,0.5,4,1,10.68
105,150,0.2,0,0.5,4,1,2.66
105,150,0.2,0,0.5,4,1,15.36
103,150,0.2,0,0.5,4,1,9.86
3,150,0.2,0,0.5,4,1,19.51
109,150,0.2,0,0.5,4,1,8.91
113,150,0.2,0,0.5,4,1,13.95
40,150,0.2,0,0.5,4,1,17.56
104,150,0.2,0,0.5,4,1,13.05
110,150,0.2,0,0.5,4,1,13.92
201,150,0.2,0,0.5,4,1,17.59
100,150,0.2,0,0.5,4,1,8.79
112,150,0.2,0,0.5,4,1,17.96
108,150,0.2,0,0.5,4,1,6.34
107,150,0.2,0,0.5,4,1,2.33
79,150,0.2,0,0.5,4,1,16.68
109,150,0.2,0,0.5,4,1,17.6
114,150,0.2,0,0.5,4,1,13.89
107,150,0.2,0,0.5,4,1,10
116,150,0.2,0,0.5,4,1,18.4
104,150,0.2,0,0.5,4,1,6.33
109,150,0.2,0,0.5,4,1,9.89
112,150,0.2,0,0.5,4,1,10.23
105,150,0.2,0,0.5,4,1,15.53
95,150,0.2,0,0.5,4,1,8.45
112,150,0.2,0,0.5,4,1,13.58
88,150,0.2,0,0.5,4,1,17.42
102,150,0.2,0,0.5,4,1,6.59
111,150,0.2,0,0.5,4,1,5.35
106,150,0.2,0,0.5,4,1,3.39
113,150,0.2,0,0.5,4,1,17.11
113,150,0.2,0,0.5,4,1,3.75
215,150,0.2,0,0.5,4,1,12.45
112,150,0.2,0,0.5,4,1,7.79
102,150,0.2,0,0.5,4,1,19.51
110,150,0.2,0,0.5,4,1,11.12
224,150,0.2,0,0.5,4,1,12.32
87,150,0.2,0,0.5,4,1,1.94
110,150,0.2,0,0.5,4,1,6.23
106,150,0.2,0,0.5,4,1,10.02
105,150,0.2,0,0.5,4,1,8.72
116,150,0.2,0,0.5,4,1,3.42
486,150,0.2,0,0.5,4,1,1.39
85,150,0.2,0,0.5,4,1,9.41
108,150,0.2,0,0.5,4,1,16
108,150,0.2,0,0.5,4,1,3.86
107,150,0.2,0,0.5,4,1,19.6
108,150,0.2,0,0.5,4,1,11.85
308,150,0.2,0,0.5,4,1,4.51
116,150,0.2,0,0.5,4,1,8.35
98,150,0.2,0,0.5,4,1,14.37
453,150,0.2,0,0.5,4,1,4.72
106,150,0.2,0,0.5,4,1,16.47
109,150,0.2,0,0.5,4,1,9.68
97,150,0.2,0,0.5,4,1,17.13
1,150,0.2,0,0.5,4,1,12.31
113,150,0.2,0,0.5,4,1,6.02
107,150,0.2,0,0.5,4,1,11.74
109,150,0.2,0,0.5,4,1,8.96
105,150,0.2,0,0.5,4,1,8.47
110,150,0.2,0,0.5,4,1,14.26
453,150,0.2,0,0.5,4,1,1.92
108,150,0.2,0,0.5,4,1,6.23
109,150,0.2,0,0.5,4,1,13.64
304,150,0.2,0,0.5,4,1,9.61
318,150,0.2,0,0.5,4,1,4.96
118,150,0.2,0,0.5,4,1,8.73
113,150,0.2,0,0.5,4,1,7.31
343,150,0.2,0,0.5,4,1,9.89
95,150,0.2,0,0.5,4,1,6.71
97,150,0.2,0,0.5,4,1,5.06
115,150,0.2,0,0.5,4,1,6.17
117,150,0.2,0,0.5,4,1,18.13
117,150,0.2,0,0.5,4,1,8.54
106,150,0.2,0,0.5,4,1,10.68
238,150,0.2,0,0.5,4,1,2.04
112,150,0.2,0,0.5,4,1,17.61
114,150,0.2,0,0.5,4,1,11.89
648,150,0.2,0,0.5,4,1,2.74
81,150,0.2,0,0.5,4,1,8.53
111,150,0.2,0,0.5,4,1,10.21
101,150,0.2,0,0.5,4,1,14.14
117,150,0.2,0,0.5,4,1,10.87
482,150,0.2,0,0.5,4,1,1.85
202,150,0.2,0,0.5,4,1,6.82
107,150,0.2,0,0.5,4,1,8.36
113,150,0.2,0,0.5,4,1,4.63
1,150,0.2,0,0.5,4,1,19.62
2,150,0.2,0,0.5,4,1,12.29
206,150,0.2,0,0.5,4,1,1.38
104,150,0.2,0,0.5,4,1,18.01
103,150,0.2,0,0.5,4,1,12.53
103,150,0.2,0,0.5,4,1,16.64
105,150,0.2,0,0.5,4,1,11.18
101,150,0.2,0,0.5,4,1,12.08
112,150,0.2,0,0.5,4,1,19.13
110,150,0.2,0,0.5,4,1,13.07
101,150,0.2,0,0.5,4,1,19.1
112,150,0.2,0,0.5,4,1,12.37
156,150,0.2,0,0.5,4,1,16.64
103,150,0.2,0,0.5,4,1,3.81
108,150,0.2,0,0.5,4,1,14.14
93,150,0.2,0,0.5,4,1,12.76
95,150,0.2,0,0.5,4,1,4.09
85,150,0.2,0,0.5,4,1,2.02
104,150,0.2,0,0.5,4,1,15.05
109,150,0.2,0,0.5,4,1,17.54
82,150,0.2,0,0.5,4,1,13.5
112,150,0.2,0,0.5,4,1,6.66
218,150,0.2,0,0.5,4,1,2.77
109,150,0.2,0,0.5,4,1,15.14
109,150,0.2,0,0.5,4,1,9.11
116,150,0.2,0,0.5,4,1,8.51
93,150,0.2,0,0.5,4,1,9.89
326,150,0.2,0,0.5,4,1,3.92
98,150,0.2,0,0.5,4,1,4.37
1,150,0.2,0,0.5,4,1,2.48
109,150,0.2,0,0.5,4,1,18.16
111,150,0.2,0,0.5,4,1,8.13
98,150,0.2,0,0.5,4,1,18.45
110,150,0.2,0,0.5,4,1,11.32
101,150,0.2,0,0.5,4,1,10.84
289,150,0.2,0,0.5,4,1,2.63
100,150,0.2,0,0.5,4,1,7.51
111,150,0.2,0,0.5,4,1,19.08
116,150,0.2,0,0.5,4,1,11.31
115,150,0.2,0,0.5,4,1,16.85
114,150,0.2,0,0.5,4,1,18.66
113,150,0.2,0,0.5,4,1,14.57
109,150,0.2,0,0.5,4,1,8.18
222,150,0.2,0,0.5,4,1,7.26
196,150,0.2,0,0.5,4,1,5.72
115,150,0.2,0,0.5,4,1,11.43
67,150,0.2,0,0.5,4,1,7.43
436,150,0.2,0,0.5,4,1,3.59
114,150,0.2,0,0.5,4,1,11.29
25,150,0.2,0,0.5,4,1,10.72
102,150,0.2,0,0.5,4,1,19.86
120,150,0.2,0,0.5,4,1,9.44
85,150,0.2,0,0.5,4,1,18.34
99,150,0.2,0,0.5,4,1,13.65
406,150,0.2,0,0.5,4,1,1.63
217,150,0.2,0,0.5,4,1,8.04
91,150,0.2,0,0.5,4,1,3.8
99,150,0.2,0,0.5,4,1,9.46
116,150,0.2,0,0.5,4,1,7.33
98,150,0.2,0,0.5,4,1,14.16
102,150,0.2,0,0.5,4,1,14.27
99,150,0.2,0,0.5,4,1,11.86
360,150,0.2,0,0.5,4,1,4.17
314,150,0.2,0,0.5,4,1,1.58
116,150,0.2,0,0.5,4,1,9.81
101,150,0.2,0,0.5,4,1,7.91
108,150,0.2,0,0.5,4,1,19.94
112,150,0.2,0,0.5,4,1,10.75
112,150,0.2,0,0.5,4,1,10.52
67,150,0.2,0,0.5,4,1,1.74
109,150,0.2,0,0.5,4,1,18.68
112,150,0.2,0,0.5,4,1,4.96
118,150,0.2,0,0.5,4,1,15.97
107,150,0.2,0,0.5,4,1,16.64
94,150,0.2,0,0.5,4,1,19.97
114,150,0.2,0,0.5,4,1,14.44
112,150,0.2,0,0.5,4,1,2.89
68,150,0.2,0,0.5,4,1,4.79
107,150,0.2,0,0.5,4,1,7.52
107,150,0.2,0,0.5,4,1,16.41
104,150,0.2,0,0.5,4,1,14.73
95,150,0.2,0,0.5,4,1,18.2
111,150,0.2,0,0.5,4,1,5.03
202,150,0.2,0,0.5,4,1,5.15
1,150,0.2,0,0.5,4,1,9.7
17,150,0.2,0,0.5,4,1,14.23
102,150,0.2,0,0.5,4,1,18.84
108,150,0.2,0,0.5,4,1,14.56
112,150,0.2,0,0.5,4,1,4.43
495,150,0.2,0,0.5,4,1,1.35
319,150,0.2,0,0.5,4,1,1.38
110,150,0.2,0,0.5,4,1,19.11
114,150,0.2,0,0.5,4,1,16.05
115,150,0.2,0,0.5,4,1,12.45
116,150,0.2,0,0.5,4,1,13.36
198,150,0.2,0,0.5,4,1,6.04
80,150,0.2,0,0.5,4,1,5.41
95,150,0.2,0,0.5,4,1,1.06
112,150,0.2,0,0.5,4,1,15.18
209,150,0.2,0,0.5,4,1,8.3
214,150,0.2,0,0.5,4,1,2.48
108,150,0.2,0,0.5,4,1,14.94
110,150,0.2,0,0.5,4,1,15.87
6,150,0.2,0,0.5,4,1,8.33
114,150,0.2,0,0.5,4,1,16.18
106,150,0.2,0,0.5,4,1,16.19
113,150,0.2,0,0.5,4,1,3.6
113,150,0.2,0,0.5,4,1,15.78
115,150,0.2,0,0.5,4,1,15.77
42,150,0.2,0,0.5,4,1,14.83
113,150,0.2,0,0.5,4,1,6.86
527,150,0.2,0,0.5,4,1,1.29
109,150,0.2,0,0.5,4,1,16.61
101,150,0.2,0,0.5,4,1,13.54
73,150,0.2,0,0.5,4,1,7.63
72,150,0.2,0,0.5,4,1,6.29
100,150,0.2,0,0.5,4,1,16.89
106,150,0.2,0,0.5,4,1,14.86
207,150,0.2,0,0.5,4,1,11.03
2,150,0.2,0,0.5,4,1,15
109,150,0.2,0,0.5,4,1,2.02
116,150,0.2,0,0.5,4,1,12.91
108,150,0.2,0,0.5,4,1,8.86
115,150,0.2,0,0.5,4,1,2.62
106,150,0.2,0,0.5,4,1,11.09
1,150,0.2,0,0.5,4,1,8.34
108,150,0.2,0,0.5,4,1,1.56
113,150,0.2,0,0.5,4,1,9.94
108,150,0.2,0,0.5,4,1,9.75
105,150,0.2,0,0.5,4,1,19.49
109,150,0.2,0,0.5,4,1,10.27
102,150,0.2,0,0.5,4,1,10.92
115,150,0.2,0,0.5,4,1,19.97
118,150,0.2,0,0.5,4,1,14.82
112,150,0.2,0,0.5,4,1,15.63
3,150,0.2,0,0.5,4,1,8.5
105,150,0.2,0,0.5,4,1,5.72
112,150,0.2,0,0.5,4,1,5.18
109,150,0.2,0,0.5,4,1,16.21
97,150,0.2,0,0.5,4,1,3.95
113,150,0.2,0,0.5,4,1,9.89
196,150,0.2,0,0.5,4,1,17.48
198,150,0.2,0,0.5,4,1,3.79
1,150,0.2,0,0.5,4,1,11.3
114,150,0.2,0,0.5,4,1,6.55
196,150,0.2,0,0.5,4,1,4.16
209,150,0.2,0,0.5,4,1,13.79
225,150,0.2,0,0.5,4,1,19.27
103,150,0.2,0,0.5,4,1,1.14
110,150,0.2,0,0.5,4,1,12.61
113,150,0.2,0,0.5,4,1,16.63
102,150,0.2,0,0.5,4,1,12.23
93,150,0.2,0,0.5,4,1,5.45
116,150,0.2,0,0.5,4,1,1.51
205,150,0.2,0,0.5,4,1,7.99
100,150,0.2,0,0.5,4,1,11.14
100,150,0.2,0,0.5,4,1,13.19
110,150,0.2,0,0.5,4,1,7.19
109,150,0.2,0,0.5,4,1,13.63
100,150,0.2,0,0.5,4,1,19.78
82,150,0.2,0,0.5,4,1,14.62
582,150,0.2,0,0.5,4,1,1.19
217,150,0.2,0,0.5,4,1,5.21
108,150,0.2,0,0.5,4,1,8.73
216,150,0.2,0,0.5,4,1,4.07
95,150,0.2,0,0.5,4,1,11.22
109,150,0.2,0,0.5,4,1,18.29
113,150,0.2,0,0.5,4,1,9.58
110,150,0.2,0,0.5,4,1,9.3
111,150,0.2,0,0.5,4,1,10.24
106,150,0.2,0,0.5,4,1,19.18
86,150,0.2,0,0.5,4,1,13.08
221,150,0.2,0,0.5,4,1,7.92
77,150,0.2,0,0.5,4,1,12.33
106,150,0.2,0,0.5,4,1,16.18
114,150,0.2,0,0.5,4,1,18.84
100,150,0.2,0,0.5,4,1,11.99
115,150,0.2,0,0.5,4,1,6.19
1,150,0.2,0,0.5,4,1,11.41
108,150,0.2,0,0.5,4,1,17.99
111,150,0.2,0,0.5,4,1,11.38
107,150,0.2,0,0.5,4,1,14.97
108,150,0.2,0,0.5,4,1,6.59
106,150,0.2,0,0.5,4,1,1.66
106,150,0.2,0,0.5,4,1,5.29
529,150,0.2,0,0.5,4,1,1.1
103,150,0.2,0,0.5,4,1,14.71
612,150,0.2,0,0.5,4,1,3.16
94,150,0.2,0,0.5,4,1,16
113,150,0.2,0,0.5,4,1,10.82
203,150,0.2,0,0.5,4,1,1.27
80,150,0.2,0,0.5,4,1,19.43
112,150,0.2,0,0.5,4,1,16.97
109,150,0.2,0,0.5,4,1,3.56
101,150,0.2,0,0.5,4,1,3.01
114,150,0.2,0,0.5,4,1,8.99
540,150,0.2,0,0.5,4,1,1.2
101,150,0.2,0,0.5,4,1,15.65
115,150,0.2,0,0.5,4,1,6.42
215,150,0.2,0,0.5,4,1,3.48
100,150,0.2,0,0.5,4,1,11.87
110,150,0.2,0,0.5,4,1,10.46
109,150,0.2,0,0.5,4,1,11.52
111,150,0.2,0,0.5,4,1,9.66
115,150,0.2,0,0.5,4,1,19.69
89,150,0.2,0,0.5,4,1,16.88
490,150,0.2,0,0.5,4,1,3.08
98,150,0.2,0,0.5,4,1,17.85
24,150,0.2,0,0.5,4,1,4.98
106,150,0.2,0,0.5,4,1,7.18
114,150,0.2,0,0.5,4,1,6
87,150,0.2,0,0.5,4,1,15.18
215,150,0.2,0,0.5,4,1,3.99
106,150,0.2,0,0.5,4,1,15.1
292,150,0.2,0,0.5,4,1,2.46
221,150,0.2,0,0.5,4,1,1.91
91,150,0.2,0,0.5,4,1,3.95
104,150,0.2,0,0.5,4,1,4.14
202,150,0.2,0,0.5,4,1,4.98
113,150,0.2,0,0.5,4,1,8.76
111,150,0.2,0,0.5,4,1,12.69
113,150,0.2,0,0.5,4,1,18.33
116,150,0.2,0,0.5,4,1,17.02
51,150,0.2,0,0.5,4,1,11.17
329,150,0.2,0,0.5,4,1,9.51
111,150,0.2,0,0.5,4,1,13.89
92,150,0.2,0,0.5,4,1,4.7
18,150,0.2,0,0.5,4,1,8.86
105,150,0.2,0,0.5,4,1,6.74
120,150,0.2,0,0.5,4,1,1.2
2,150,0.2,0,0.5,4,1,5.2
105,150,0.2,0,0.5,4,1,18.68
119,150,0.2,0,0.5,4,1,13.72
80,150,0.2,0,0.5,4,1,12.73
110,150,0.2,0,0.5,4,1,5.7
115,150,0.2,0,0.5,4,1,18.74
113,150,0.2,0,0.5,4,1,12.67
222,150,0.2,0,0.5,4,1,6.17
107,150,0.2,0,0.5,4,1,7.98
2,150,0.2,0,0.5,4,1,11.31
1,150,0.2,0,0.5,4,1,4.23
109,150,0.2,0,0.5,4,1,1.35
111,150,0.2,0,0.5,4,1,19.23
112,150,0.2,0,0.5,4,1,3.82
1,150,0.2,0,0.5,4,1,13.26
81,150,0.2,0,0.5,4,1,17.76
218,150,0.2,0,0.5,4,1,10.09
2,150,0.2,0,0.5,4,1,19.28
557,150,0.2,0,0.5,4,1,1.55
110,150,0.2,0,0.5,4,1,14.81
117,150,0.2,0,0.5,4,1,12.16
107,150,0.2,0,0.5,4,1,19.62
221,150,0.2,0,0.5,4,1,9.69
1,150,0.2,0,0.5,4,1,2.78
111,150,0.2,0,0.5,4,1,15.06
15,150,0.2,0,0.5,4,1,13.44
112,150,0.2,0,0.5,4,1,17.04
102,150,0.2,0,0.5,4,1,8.03
111,150,0.2,0,0.5,4,1,13.74
104,150,0.2,0,0.5,4,1,10.46
217,150,0.2,0,0.5,4,1,3.35
83,150,0.2,0,0.5,4,1,4.05
114,150,0.2,0,0.5,4,1,13.05
112,150,0.2,0,0.5,4,1,12.54
105,150,0.2,0,0.5,4,1,8.15
97,150,0.2,0,0.5,4,1,11.48
85,150,0.2,0,0.5,4,1,8.56
105,150,0.2,0,0.5,4,1,18.82
111,150,0.2,0,0.5,4,1,14.65
213,150,0.2,0,0.5,4,1,16.97
92,150,0.2,0,0.5,4,1,5.73
112,150,0.2,0,0.5,4,1,4.77
93,150,0.2,0,0.5,4,1,9.61
102,150,0.2,0,0.5,4,1,18.77
330,150,0.2,0,0.5,4,1,1.81
109,150,0.2,0,0.5,4,1,9.75
110,150,0.2,0,0.5,4,1,15.3
69,150,0.2,0,0.5,4,1,4.73
94,150,0.2,0,0.5,4,1,7.14
224,150,0.2,0,0.5,4,1,4.88
113,150,0.2,0,0.5,4,1,19.61
1,150,0.2,0,0.5,4,1,12.76
226,150,0.2,0,0.5,4,1,5.68
106,150,0.2,0,0.5,4,1,15.72
112,150,0.2,0,0.5,4,1,5.29
116,150,0.2,0,0.5,4,1,1.88
110,150,0.2,0,0.5,4,1,10.66
211,150,0.2,0,0.5,4,1,4.13
103,150,0.2,0,0.5,4,1,8.18
222,150,0.2,0,0.5,4,1,4.64
114,150,0.2,0,0.5,4,1,7.46
312,150,0.2,0,0.5,4,1,3.86
113,150,0.2,0,0.5,4,1,4.38
113,150,0.2,0,0.5,4,1,12.19
108,150,0.2,0,0.5,4,1,3.78
110,150,0.2,0,0.5,4,1,14.59
112,150,0.2,0,0.5,4,1,19.59
113,150,0.2,0,0.5,4,1,11.13
103,150,0.2,0,0.5,4,1,9.96
111,150,0.2,0,0.5,4,1,14.74
1,150,0.2,0,0.5,4,1,17.35
214,150,0.2,0,0.5,4,1,3.86
115,150,0.2,0,0.5,4,1,14.08
113,150,0.2,0,0.5,4,1,7.94
105,150,0.2,0,0.5,4,1,16.79
336,150,0.2,0,0.5,4,1,7.58
110,150,0.2,0,0.5,4,1,18.59
113,150,0.2,0,0.5,4,1,11.24
110,150,0.2,0,0.5,4,1,3.92
98,150,0.2,0,0.5,4,1,15.02
82,150,0.2,0,0.5,4,1,18.8
103,150,0.2,0,0.5,4,1,10.17
117,150,0.2,0,0.5,4,1,14.32
1,150,0.2,0,0.5,4,1,9.26
1,150,0.2,0,0.5,4,1,12.79
95,150,0.2,0,0.5,4,1,1.64
112,150,0.2,0,0.5,4,1,6.29
202,150,0.2,0,0.5,4,1,16.31
216,150,0.2,0,0.5,4,1,10.63
97,150,0.2,0,0.5,4,1,2.63
107,150,0.2,0,0.5,4,1,19.26
89,150,0.2,0,0.5,4,1,17.51
209,150,0.2,0,0.5,4,1,5.28
103,150,0.2,0,0.5,4,1,16.82
106,150,0.2,0,0.5,4,1,15.1
107,150,0.2,0,0.5,4,1,16.43
212,150,0.2,0,0.5,4,1,12.79
109,150,0.2,0,0.5,4,1,2.51
39,150,0.2,0,0.5,4,1,15.37
116,150,0.2,0,0.5,4,1,10.89
103,150,0.2,0,0.5,4,1,16.7
114,150,0.2,0,0.5,4,1,12.77
116,150,0.2,0,0.5,4,1,14.09
1,150,0.2,0,0.5,4,1,1.37
221,150,0.2,0,0.5,4,1,1.53
111,150,0.2,0,0.5,4,1,4.33
103,150,0.2,0,0.5,4,1,16.74
88,150,0.2,0,0.5,4,1,17.37
178,150,0.2,0,0.5,4,1,8.27
205,150,0.2,0,0.5,4,1,9.94
105,150,0.2,0,0.5,4,1,9.93
100,150,0.2,0,0.5,4,1,11.88
99,150,0.2,0,0.5,4,1,9.81
106,150,0.2,0,0.5,4,1,4.51
113,150,0.2,0,0.5,4,1,18.02
106,150,0.2,0,0.5,4,1,11.36
58,150,0.2,0,0.5,4,1,18.57
89,150,0.2,0,0.5,4,1,13.17
108,150,0.2,0,0.5,4,1,15.98
117,150,0.2,0,0.5,4,1,11.2
96,150,0.2,0,0.5,4,1,4.68
105,150,0.2,0,0.5,4,1,14.02
3,150,0.2,0,0.5,4,1,15.4
114,150,0.2,0,0.5,4,1,17.17
97,150,0.2,0,0.5,4,1,8.96
100,150,0.2,0,0.5,4,1,15.19
108,150,0.2,0,0.5,4,1,11.71
105,150,0.2,0,0.5,4,1,15.85
113,150,0.2,0,0.5,4,1,2.41
104,150,0.2,0,0.5,4,1,12.65
110,150,0.2,0,0.5,4,1,16.01
8,150,0.2,0,0.5,4,1,3.23
113,150,0.2,0,0.5,4,1,19.36
117,150,0.2,0,0.5,4,1,5.7
64,150,0.2,0,0.5,4,1,12.97
93,150,0.2,0,0.5,4,1,18.03
109,150,0.2,0,0.5,4,1,11.77
80,150,0.2,0,0.5,4,1,15.15
532,150,0.2,0,0.5,4,1,1.79
93,150,0.2,0,0.5,4,1,1.7
107,150,0.2,0,0.5,4,1,2.5
1,150,0.2,0,0.5,4,1,3.61
176,150,0.2,0,0.5,4,1,12.66
24,150,0.2,0,0.5,4,1,2.93
115,150,0.2,0,0.5,4,1,16.5
112,150,0.2,0,0.5,4,1,11.2
109,150,0.2,0,0.5,4,1,16.85
111,150,0.2,0,0.5,4,1,4.71
111,150,0.2,0,0.5,4,1,12.83
112,150,0.2,0,0.5,4,1,6.63
227,150,0.2,0,0.5,4,1,6.54
107,150,0.2,0,0.5,4,1,14.29
110,150,0.2,0,0.5,4,1,5.38
105,150,0.2,0,0.5,4,1,19.62
107,150,0.2,0,0.5,4,1,12.87
108,150,0.2,0,0.5,4,1,18.59
103,150,0.2,0,0.5,4,1,4.13
111,150,0.2,0,0.5,4,1,9.76
112,150,0.2,0,0.5,4,1,19.9
108,150,0.2,0,0.5,4,1,18.97
113,150,0.2,0,0.5,4,1,7.66
114,150,0.2,0,0.5,4,1,5.1
114,150,0.2,0,0.5,4,1,5.9
115,150,0.2,0,0.5,4,1,13.92
75,150,0.2,0,0.5,4,1,18.65
163,150,0.2,0,0.5,4,1,7.96
102,150,0.2,0,0.5,4,1,3.65
114,150,0.2,0,0.5,4,1,4.64
98,150,0.2,0,0.5,4,1,4.67
109,150,0.2,0,0.5,4,1,13.93
79,150,0.2,0,0.5,4,1,10.32
110,150,0.2,0,0.5,4,1,11.44
103,150,0.2,0,0.5,4,1,8.75
1,150,0.2,0,0.5,4,1,4.53
310,150,0.2,0,0.5,4,1,9.47
111,150,0.2,0,0.5,4,1,13.08
112,150,0.2,0,0.5,4,1,13.58
1,150,0.2,0,0.5,4,1,11.75
110,150,0.2,0,0.5,4,1,4.71
103,150,0.2,0,0.5,4,1,15.56
117,150,0.2,0,0.5,4,1,4.44
228,150,0.2,0,0.5,4,1,2.54
119,150,0.2,0,0.5,4,1,13.71
116,150,0.2,0,0.5,4,1,17.88
107,150,0.2,0,0.5,4,1,8.5
107,150,0.2,0,0.5,4,1,10.55
323,150,0.2,0,0.5,4,1,1.28
91,150,0.2,0,0.5,4,1,13.63
112,150,0.2,0,0.5,4,1,10.83
100,150,0.2,0,0.5,4,1,19.69
218,150,0.2,0,0.5,4,1,10.31
93,150,0.2,0,0.5,4,1,8.14
216,150,0.2,0,0.5,4,1,13.06
73,150,0.2,0,0.5,4,1,14.58
102,150,0.2,0,0.5,4,1,17.92
13,150,0.2,0,0.5,4,1,2.38
105,150,0.2,0,0.5,4,1,12.65
99,150,0.2,0,0.5,4,1,3.19
9,150,0.2,0,0.5,4,1,14.64
99,150,0.2,0,0.5,4,1,8.67
105,150,0.2,0,0.5,4,1,8.69
217,150,0.2,0,0.5,4,1,3.56
199,150,0.2,0,0.5,4,1,8.99
103,150,0.2,0,0.5,4,1,2.12
72,150,0.2,0,0.5,4,1,5.18
1,150,0.2,0,0.5,4,1,10.37
115,150,0.2,0,0.5,4,1,9.8
110,150,0.2,0,0.5,4,1,3.61
104,150,0.2,0,0.5,4,1,19.62
10,150,0.2,0,0.5,4,1,19.73
114,150,0.2,0,0.5,4,1,19.38
87,150,0.2,0,0.5,4,1,11.78
98,150,0.2,0,0.5,4,1,11.42
106,150,0.2,0,0.5,4,1,4.42
229,150,0.2,0,0.5,4,1,16.79
102,150,0.2,0,0.5,4,1,14.37
102,150,0.2,0,0.5,4,1,15.87
111,150,0.2,0,0.5,4,1,17.41
109,150,0.2,0,0.5,4,1,2.91
104,150,0.2,0,0.5,4,1,17.89
415,150,0.2,0,0.5,4,1,3.48
112,150,0.2,0,0.5,4,1,6.89
79,150,0.2,0,0.5,4,1,3.37
105,150,0.2,0,0.5,4,1,2.35
104,150,0.2,0,0.5,4,1,6.63
205,150,0.2,0,0.5,4,1,3.79
116,150,0.2,0,0.5,4,1,11.44
292,150,0.2,0,0.5,4,1,2.16
110,150,0.2,0,0.5,4,1,4.33
111,150,0.2,0,0.5,4,1,11.28
223,150,0.2,0,0.5,4,1,3.79
104,150,0.2,0,0.5,4,1,12.98
112,150,0.2,0,0.5,4,1,15.94
115,150,0.2,0,0.5,4,1,4.89
103,150,0.2,0,0.5,4,1,14.93
116,150,0.2,0,0.5,4,1,13.1
323,150,0.2,0,0.5,4,1,2.19
115,150,0.2,0,0.5,4,1,14.83
103,150,0.2,0,0.5,4,1,9.3
97,150,0.2,0,0.5,4,1,7.05
410,150,0.2,0,0.5,4,1,2.43
84,150,0.2,0,0.5,4,1,16.84
97,150,0.2,0,0.5,4,1,2.43
431,150,0.2,0,0.5,4,1,3.7
106,150,0.2,0,0.5,4,1,11.95
110,150,0.2,0,0.5,4,1,17.4
93,150,0.2,0,0.5,4,1,15.69
107,150,0.2,0,0.5,4,1,11.12
190,150,0.2,0,0.5,4,1,3.08
97,150,0.2,0,0.5,4,1,17.51
522,150,0.2,0,0.5,4,1,3.39
112,150,0.2,0,0.5,4,1,16.61
99,150,0.2,0,0.5,4,1,12.36
212,150,0.2,0,0.5,4,1,5.45
110,150,0.2,0,0.5,4,1,10.62
116,150,0.2,0,0.5,4,1,4.05
101,150,0.2,0,0.5,4,1,12.53
113,150,0.2,0,0.5,4,1,19.76
108,150,0.2,0,0.5,4,1,5.82
113,150,0.2,0,0.5,4,1,5.25
114,150,0.2,0,0.5,4,1,5.58
93,150,0.2,0,0.5,4,1,7.99
110,150,0.2,0,0.5,4,1,18.63
115,150,0.2,0,0.5,4,1,16.7
114,150,0.2,0,0.5,4,1,17.63
639,150,0.2,0,0.5,4,1,1.31
224,150,0.2,0,0.5,4,1,3.46
118,150,0.2,0,0.5,4,1,5.36
112,150,0.2,0,0.5,4,1,9.16
114,150,0.2,0,0.5,4,1,15.3
99,150,0.2,0,0.5,4,1,11.29
197,150,0.2,0,0.5,4,1,4.68
112,150,0.2,0,0.5,4,1,14.59
92,150,0.2,0,0.5,4,1,19.59
110,150,0.2,0,0.5,4,1,13.26
108,150,0.2,0,0.5,4,1,1.88
111,150,0.2,0,0.5,4,1,12.74
119,150,0.2,0,0.5,4,1,6.28
111,150,0.2,0,0.5,4,1,9.58
111,150,0.2,0,0.5,4,1,15.57
108,150,0.2,0,0.5,4,1,6.3
95,150,0.2,0,0.5,4,1,19.52
101,150,0.2,0,0.5,4,1,7.8
116,150,0.2,0,0.5,4,1,7.77
106,150,0.2,0,0.5,4,1,2.62
105,150,0.2,0,0.5,4,1,7.5
112,150,0.2,0,0.5,4,1,11.94
107,150,0.2,0,0.5,4,1,8.88
113,150,0.2,0,0.5,4,1,5.25
111,150,0.2,0,0.5,4,1,13.8
115,150,0.2,0,0.5,4,1,11.76
299,150,0.2,0,0.5,4,1,5.76
108,150,0.2,0,0.5,4,1,10.88
95,150,0.2,0,0.5,4,1,18.66
118,150,0.2,0,0.5,4,1,11.83
114,150,0.2,0,0.5,4,1,2.3
202,150,0.2,0,0.5,4,1,5.45
104,150,0.2,0,0.5,4,1,11.88
93,150,0.2,0,0.5,4,1,17.21
101,150,0.2,0,0.5,4,1,18.24
7,150,0.2,0,0.5,4,1,10.23
231,150,0.2,0,0.5,4,1,14.44
112,150,0.2,0,0.5,4,1,7.94
114,150,0.2,0,0.5,4,1,6.97
112,150,0.2,0,0.5,4,1,12.91
108,150,0.2,0,0.5,4,1,10.13
105,150,0.2,0,0.5,4,1,11.41
102,150,0.2,0,0.5,4,1,6.45
112,150,0.2,0,0.5,4,1,3.13
335,150,0.2,0,0.5,4,1,2.11
110,150,0.2,0,0.5,4,1,6.95
221,150,0.2,0,0.5,4,1,11.99
111,150,0.2,0,0.5,4,1,18.26
113,150,0.2,0,0.5,4,1,2.74
95,150,0.2,0,0.5,4,1,3.59
111,150,0.2,0,0.5,4,1,7.87
22,150,0.2,0,0.5,4,1,2.44
61,150,0.2,0,0.5,4,1,6.68
105,150,0.2,0,0.5,4,1,13.27
100,150,0.2,0,0.5,4,1,11.97
111,150,0.2,0,0.5,4,1,13.33
1,150,0.2,0,0.5,4,1,7.09
1,150,0.2,0,0.5,4,1,2.39
441,150,0.2,0,0.5,4,1,1.48
106,150,0.2,0,0.5,4,1,18.39
6,150,0.2,0,0.5,4,1,18.43
107,150,0.2,0,0.5,4,1,17.04
221,150,0.2,0,0.5,4,1,4.08
316,150,0.2,0,0.5,4,1,2.33
600,150,0.2,0,0.5,4,1,1.75
331,150,0.2,0,0.5,4,1,3.03
106,150,0.2,0,0.5,4,1,19.69
104,150,0.2,0,0.5,4,1,1.67
102,150,0.2,0,0.5,4,1,17.5
201,150,0.2,0,0.5,4,1,5.08
213,150,0.2,0,0.5,4,1,2.9
9,150,0.2,0,0.5,4,1,19.28
111,150,0.2,0,0.5,4,1,3.91
109,150,0.2,0,0.5,4,1,16.54
77,150,0.2,0,0.5,4,1,10
87,150,0.2,0,0.5,4,1,1.12
100,150,0.2,0,0.5,4,1,3.6
111,150,0.2,0,0.5,4,1,6.18
218,150,0.2,0,0.5,4,1,11.07
187,150,0.2,0,0.5,4,1,2.07
212,150,0.2,0,0.5,4,1,11.85
112,150,0.2,0,0.5,4,1,3.24
31,150,0.2,0,0.5,4,1,3.58
98,150,0.2,0,0.5,4,1,18.27
110,150,0.2,0,0.5,4,1,14.64
109,150,0.2,0,0.5,4,1,8.97
106,150,0.2,0,0.5,4,1,18.67
113,150,0.2,0,0.5,4,1,13.42
88,150,0.2,0,0.5,4,1,12.02
108,150,0.2,0,0.5,4,1,10.02
165,150,0.2,0,0.5,4,1,9.37
106,150,0.2,0,0.5,4,1,17.41
96,150,0.2,0,0.5,4,1,5.85
211,150,0.2,0,0.5,4,1,7.25
217,150,0.2,0,0.5,4,1,2.04
643,150,0.2,0,0.5,4,1,5.77
104,150,0.2,0,0.5,4,1,5
92,150,0.2,0,0.5,4,1,10.39
95,150,0.2,0,0.5,4,1,2.21
113,150,0.2,0,0.5,4,1,13.08
117,150,0.2,0,0.5,4,1,5.17
110,150,0.2,0,0.5,4,1,12.16
110,150,0.2,0,0.5,4,1,15.52
110,150,0.2,0,0.5,4,1,4.14
107,150,0.2,0,0.5,4,1,10.42
1,150,0.2,0,0.5,4,1,8.87
77,150,0.2,0,0.5,4,1,7.1
331,150,0.2,0,0.5,4,1,1.38
15,150,0.2,0,0.5,4,1,19.72
100,150,0.2,0,0.5,4,1,12.93
111,150,0.2,0,0.5,4,1,15.8
214,150,0.2,0,0.5,4,1,7.54
329,150,0.2,0,0.5,4,1,5.8
212,150,0.2,0,0.5,4,1,11.19
219,150,0.2,0,0.5,4,1,18.01
105,150,0.2,0,0.5,4,1,12.86
116,150,0.2,0,0.5,4,1,2.4
111,150,0.2,0,0.5,4,1,4.55
214,150,0.2,0,0.5,4,1,8.79
596,150,0.2,0,0.5,4,1,2.86
103,150,0.2,0,0.5,4,1,5.18
96,150,0.2,0,0.5,4,1,15.93
206,150,0.2,0,0.5,4,1,7.56
117,150,0.2,0,0.5,4,1,4.96
104,150,0.2,0,0.5,4,1,17.56
85,150,0.2,0,0.5,4,1,5.29
638,150,0.2,0,0.5,4,1,1.02
224,150,0.2,0,0.5,4,1,14.23
537,150,0.2,0,0.5,4,1,1.69
331,150,0.2,0,0.5,4,1,2.25
112,150,0.2,0,0.5,4,1,15.82
88,150,0.2,0,0.5,4,1,14.45
321,150,0.2,0,0.5,4,1,9.12
201,150,0.2,0,0.5,4,1,7.39
114,150,0.2,0,0.5,4,1,12.09
1,150,0.2,0,0.5,4,1,6.47
107,150,0.2,0,0.5,4,1,18
113,150,0.2,0,0.5,4,1,18.41
115,150,0.2,0,0.5,4,1,18.33
101,150,0.2,0,0.5,4,1,13.68
90,150,0.2,0,0.5,4,1,15.1
221,150,0.2,0,0.5,4,1,1.77
114,150,0.2,0,0.5,4,1,10.81
113,150,0.2,0,0.5,4,1,15.15
108,150,0.2,0,0.5,4,1,2.46
107,150,0.2,0,0.5,4,1,11.85
108,150,0.2,0,0.5,4,1,10.52
114,150,0.2,0,0.5,4,1,15.99
110,150,0.2,0,0.5,4,1,16.62
110,150,0.2,0,0.5,4,1,19.52
540,150,0.2,0,0.5,4,1,1.82
108,150,0.2,0,0.5,4,1,12.52
117,150,0.2,0,0.5,4,1,11.77
107,150,0.2,0,0.5,4,1,10.92
116,150,0.2,0,0.5,4,1,6.33
111,150,0.2,0,0.5,4,1,18.25
105,150,0.2,0,0.5,4,1,19.48
116,150,0.2,0,0.5,4,1,2.65
416,150,0.2,0,0.5,4,1,3.94
109,150,0.2,0,0.5,4,1,19.86
613,150,0.2,0,0.5,4,1,1.01
111,150,0.2,0,0.5,4,1,10.38
107,150,0.2,0,0.5,4,1,14.74
107,150,0.2,0,0.5,4,1,4.28
112,150,0.2,0,0.5,4,1,13.29
114,150,0.2,0,0.5,4,1,7.7
220,150,0.2,0,0.5,4,1,10.7
211,150,0.2,0,0.5,4,1,12.42
108,150,0.2,0,0.5,4,1,9.37
33,150,0.2,0,0.5,4,1,2.98
224,150,0.2,0,0.5,4,1,5.46
94,150,0.2,0,0.5,4,1,5.48
115,150,0.2,0,0.5,4,1,19.68
112,150,0.2,0,0.5,4,1,4.9
120,150,0.2,0,0.5,4,1,2.72
227,150,0.2,0,0.5,4,1,13.93
30,150,0.2,0,0.5,4,1,3.48
295,150,0.2,0,0.5,4,1,1.4
1,150,0.2,0,0.5,4,1,14.35
195,150,0.2,0,0.5,4,1,18.96
113,150,0.2,0,0.5,4,1,8.14
103,150,0.2,0,0.5,4,1,18.9
116,150,0.2,0,0.5,4,1,4.63
104,150,0.2,0,0.5,4,1,7.34
112,150,0.2,0,0.5,4,1,13.54
112,150,0.2,0,0.5,4,1,16.86
226,150,0.2,0,0.5,4,1,14.49
115,150,0.2,0,0.5,4,1,18.93
113,150,0.2,0,0.5,4,1,7.59
116,150,0.2,0,0.5,4,1,8.74
108,150,0.2,0,0.5,4,1,4.22
101,150,0.2,0,0.5,4,1,13.49
114,150,0.2,0,0.5,4,1,13.94
107,150,0.2,0,0.5,4,1,17.62
112,150,0.2,0,0.5,4,1,2.07
109,150,0.2,0,0.5,4,1,7.49
112,150,0.2,0,0.5,4,1,9.79
111,150,0.2,0,0.5,4,1,17.92
1,150,0.2,0,0.5,4,1,6.24
97,150,0.2,0,0.5,4,1,6.38
109,150,0.2,0,0.5,4,1,4.06
110,150,0.2,0,0.5,4,1,12.96
327,150,0.2,0,0.5,4,1,3.84
114,150,0.2,0,0.5,4,1,1.09
96,150,0.2,0,0.5,4,1,14.33
94,150,0.2,0,0.5,4,1,18.59
102,150,0.2,0,0.5,4,1,5.41
118,150,0.2,0,0.5,4,1,11.83
98,150,0.2,0,0.5,4,1,12.85
62,150,0.2,0,0.5,4,1,13.03
93,150,0.2,0,0.5,4,1,10.86
74,150,0.2,0,0.5,4,1,15.26
104,150,0.2,0,0.5,4,1,11.7
105,150,0.2,0,0.5,4,1,5.89
110,150,0.2,0,0.5,4,1,4.93
100,150,0.2,0,0.5,4,1,10.66
101,150,0.2,0,0.5,4,1,15.9
80,150,0.2,0,0.5,4,1,5.68
3,150,0.2,0,0.5,4,1,14.77
102,150,0.2,0,0.5,4,1,15.72
110,150,0.2,0,0.5,4,1,15.57
104,150,0.2,0,0.5,4,1,9.8
196,150,0.2,0,0.5,4,1,19.33
112,150,0.2,0,0.5,4,1,12.05
102,150,0.2,0,0.5,4,1,16.78
97,150,0.2,0,0.5,4,1,7.69
109,150,0.2,0,0.5,4,1,12.23
92,150,0.2,0,0.5,4,1,18.29
73,150,0.2,0,0.5,4,1,3.49
102,150,0.2,0,0.5,4,1,17.72
112,150,0.2,0,0.5,4,1,14.88
96,150,0.2,0,0.5,4,1,18.79
105,150,0.2,0,0.5,4,1,6.48
211,150,0.2,0,0.5,4,1,8.37
116,150,0.2,0,0.5,4,1,14.08
113,150,0.2,0,0.5,4,1,16.75
87,150,0.2,0,0.5,4,1,10.31
109,150,0.2,0,0.5,4,1,2.01
93,150,0.2,0,0.5,4,1,19.97
113,150,0.2,0,0.5,4,1,16.93
111,150,0.2,0,0.5,4,1,19.59
211,150,0.2,0,0.5,4,1,6.98
3,150,0.2,0,0.5,4,1,16.92
120,150,0.2,0,0.5,4,1,5.28
89,150,0.2,0,0.5,4,1,14.17
221,150,0.2,0,0.5,4,1,11.93
107,150,0.2,0,0.5,4,1,6.31
227,150,0.2,0,0.5,4,1,15.89
118,150,0.2,0,0.5,4,1,3.01
109,150,0.2,0,0.5,4,1,2.95
210,150,0.2,0,0.5,4,1,8.21
110,150,0.2,0,0.5,4,1,15.23
98,150,0.2,0,0.5,4,1,12.61
83,150,0.2,0,0.5,4,1,15.4
98,150,0.2,0,0.5,4,1,16.43
63,150,0.2,0,0.5,4,1,14.78
113,150,0.2,0,0.5,4,1,6.63
112,150,0.2,0,0.5,4,1,2.92
112,150,0.2,0,0.5,4,1,16.6
44,150,0.2,0,0.5,4,1,7.55
104,150,0.2,0,0.5,4,1,16.4
116,150,0.2,0,0.5,4,1,18.2
106,150,0.2,0,0.5,4,1,11.93
110,150,0.2,0,0.5,4,1,12.14
7,150,0.2,0,0.5,4,1,3.08
195,150,0.2,0,0.5,4,1,9.83
6,150,0.2,0,0.5,4,1,8.61
99,150,0.2,0,0.5,4,1,14.97
108,150,0.2,0,0.5,4,1,19.84
117,150,0.2,0,0.5,4,1,5.64
110,150,0.2,0,0.5,4,1,14.94
98,150,0.2,0,0.5,4,1,19.91
539,150,0.2,0,0.5,4,1,1.35
100,150,0.2,0,0.5,4,1,7.87
104,150,0.2,0,0.5,4,1,11.88
205,150,0.2,0,0.5,4,1,13.68
87,150,0.2,0,0.5,4,1,18.23
106,150,0.2,0,0.5,4,1,4.97
107,150,0.2,0,0.5,4,1,13.06
104,150,0.2,0,0.5,4,1,7.23
218,150,0.2,0,0.5,4,1,8.47
104,150,0.2,0,0.5,4,1,13.53
99,150,0.2,0,0.5,4,1,3.15
114,150,0.2,0,0.5,4,1,13.19
82,150,0.2,0,0.5,4,1,8.38
103,150,0.2,0,0.5,4,1,11
110,150,0.2,0,0.5,4,1,18.45
105,150,0.2,0,0.5,4,1,11.1
82,150,0.2,0,0.5,4,1,8.34
87,150,0.2,0,0.5,4,1,13.24
215,150,0.2,0,0.5,4,1,10.92
112,150,0.2,0,0.5,4,1,13.48
305,150,0.2,0,0.5,4,1,2.39
114,150,0.2,0,0.5,4,1,9.29
113,150,0.2,0,0.5,4,1,4.53
205,150,0.2,0,0.5,4,1,2.37
111,150,0.2,0,0.5,4,1,10.7
109,150,0.2,0,0.5,4,1,4.71
114,150,0.2,0,0.5,4,1,15.47
105,150,0.2,0,0.5,4,1,6.69
311,150,0.2,0,0.5,4,1,4.98
109,150,0.2,0,0.5,4,1,4.24
112,150,0.2,0,0.5,4,1,6.81
115,150,0.2,0,0.5,4,1,14.64
113,150,0.2,0,0.5,4,1,9.77
173,150,0.2,0,0.5,4,1,1.53
228,150,0.2,0,0.5,4,1,15.59
115,150,0.2,0,0.5,4,1,17.1
115,150,0.2,0,0.5,4,1,19.31
210,150,0.2,0,0.5,4,1,15.05
101,150,0.2,0,0.5,4,1,12.93
109,150,0.2,0,0.5,4,1,18.44
207,150,0.2,0,0.5,4,1,11.31
113,150,0.2,0,0.5,4,1,2.68
94,150,0.2,0,0.5,4,1,3.58
106,150,0.2,0,0.5,4,1,18.85
214,150,0.2,0,0.5,4,1,3.76
109,150,0.2,0,0.5,4,1,14.86
106,150,0.2,0,0.5,4,1,16.36
109,150,0.2,0,0.5,4,1,4.07
96,150,0.2,0,0.5,4,1,7.66
49,150,0.2,0,0.5,4,1,11.32
109,150,0.2,0,0.5,4,1,18.2
107,150,0.2,0,0.5,4,1,18.39
113,150,0.2,0,0.5,4,1,8.65
112,150,0.2,0,0.5,4,1,19.3
105,150,0.2,0,0.5,4,1,16.03
99,150,0.2,0,0.5,4,1,18.87
107,150,0.2,0,0.5,4,1,12.09
111,150,0.2,0,0.5,4,1,19.07
110,150,0.2,0,0.5,4,1,6.07
113,150,0.2,0,0.5,4,1,2.66
112,150,0.2,0,0.5,4,1,14.01
323,150,0.2,0,0.5,4,1,3.86
107,150,0.2,0,0.5,4,1,5.05
109,150,0.2,0,0.5,4,1,16.19
89,150,0.2,0,0.5,4,1,2.2
104,150,0.2,0,0.5,4,1,7.08
89,150,0.2,0,0.5,4,1,3.1
104,150,0.2,0,0.5,4,1,4.54
106,150,0.2,0,0.5,4,1,13.44
22,150,0.2,0,0.5,4,1,13.07
216,150,0.2,0,0.5,4,1,5.66
1,150,0.2,0,0.5,4,1,15.36
110,150,0.2,0,0.5,4,1,3.91
436,150,0.2,0,0.5,4,1,3.54
115,150,0.2,0,0.5,4,1,6.62
108,150,0.2,0,0.5,4,1,4.26
99,150,0.2,0,0.5,4,1,6.16
116,150,0.2,0,0.5,4,1,12.23
21,150,0.2,0,0.5,4,1,9.89
111,150,0.2,0,0.5,4,1,9.29
205,150,0.2,0,0.5,4,1,5.54
108,150,0.2,0,0.5,4,1,17.12
105,150,0.2,0,0.5,4,1,17.89
112,150,0.2,0,0.5,4,1,3.9
1,150,0.2,0,0.5,4,1,1.03
103,150,0.2,0,0.5,4,1,10.22
190,150,0.2,0,0.5,4,1,14.94
86,150,0.2,0,0.5,4,1,6.29
520,150,0.2,0,0.5,4,1,6.78
212,150,0.2,0,0.5,4,1,12.12
321,150,0.2,0,0.5,4,1,1.53
183,150,0.2,0,0.5,4,1,7.56
115,150,0.2,0,0.5,4,1,9.43
106,150,0.2,0,0.5,4,1,13.14
80,150,0.2,0,0.5,4,1,16.95
117,150,0.2,0,0.5,4,1,18.32
108,150,0.2,0,0.5,4,1,5.05
207,150,0.2,0,0.5,4,1,3.72
110,150,0.2,0,0.5,4,1,10.23
105,150,0.2,0,0.5,4,1,9.94
82,150,0.2,0,0.5,4,1,9.99
219,150,0.2,0,0.5,4,1,14.37
103,150,0.2,0,0.5,4,1,7.76
103,150,0.2,0,0.5,4,1,19.01
113,150,0.2,0,0.5,4,1,14.49
114,150,0.2,0,0.5,4,1,11.25
333,150,0.2,0,0.5,4,1,2.11
212,150,0.2,0,0.5,4,1,15.05
8,150,0.2,0,0.5,4,1,7.81
109,150,0.2,0,0.5,4,1,3.68
1,150,0.2,0,0.5,4,1,5.02
79,150,0.2,0,0.5,4,1,5.14
111,150,0.2,0,0.5,4,1,6.33
196,150,0.2,0,0.5,4,1,8.14
109,150,0.2,0,0.5,4,1,9.45
546,150,0.2,0,0.5,4,1,2.57
98,150,0.2,0,0.5,4,1,3.07
113,150,0.2,0,0.5,4,1,7.82
115,150,0.2,0,0.5,4,1,18.11
31,150,0.2,0,0.5,4,1,13.02
110,150,0.2,0,0.5,4,1,12.79
106,150,0.2,0,0.5,4,1,16.5
109,150,0.2,0,0.5,4,1,19.91
107,150,0.2,0,0.5,4,1,9.79
143,150,0.2,0,0.5,4,1,1.78
103,150,0.2,0,0.5,4,1,8.38
93,150,0.2,0,0.5,4,1,7.84
98,150,0.2,0,0.5,4,1,6.11
112,150,0.2,0,0.5,4,1,12.72
102,150,0.2,0,0.5,4,1,13.43
219,150,0.2,0,0.5,4,1,2.22
194,150,0.2,0,0.5,4,1,6.43
212,150,0.2,0,0.5,4,1,15.7
221,150,0.2,0,0.5,4,1,4.37
106,150,0.2,0,0.5,4,1,17.22
110,150,0.2,0,0.5,4,1,19.04
227,150,0.2,0,0.5,4,1,3.37
106,150,0.2,0,0.5,4,1,13
96,150,0.2,0,0.5,4,1,13.02
104,150,0.2,0,0.5,4,1,2.8
100,150,0.2,0,0.5,4,1,4.41
108,150,0.2,0,0.5,4,1,3.52
99,150,0.2,0,0.5,4,1,12.72
116,150,0.2,0,0.5,4,1,17.1
103,150,0.2,0,0.5,4,1,5.17
582,150,0.2,0,0.5,4,1,1.1
113,150,0.2,0,0.5,4,1,16.69
109,150,0.2,0,0.5,4,1,14.37
110,150,0.2,0,0.5,4,1,10.32
2,150,0.2,0,0.5,4,1,12.93
110,150,0.2,0,0.5,4,1,1.8
100,150,0.2,0,0.5,4,1,9.58
109,150,0.2,0,0.5,4,1,11.68
107,150,0.2,0,0.5,4,1,9.49
200,150,0.2,0,0.5,4,1,14.13
113,150,0.2,0,0.5,4,1,8.25
102,150,0.2,0,0.5,4,1,18.97
223,150,0.2,0,0.5,4,1,5.72
111,150,0.2,0,0.5,4,1,11.88
102,150,0.2,0,0.5,4,1,10.98
152,150,0.2,0,0.5,4,1,3.14
107,150,0.2,0,0.5,4,1,7.35
609,150,0.2,0,0.5,4,1,1.41
112,150,0.2,0,0.5,4,1,6.41
191,150,0.2,0,0.5,4,1,1.15
92,150,0.2,0,0.5,4,1,8.89
117,150,0.2,0,0.5,4,1,4.52
112,150,0.2,0,0.5,4,1,13.68
109,150,0.2,0,0.5,4,1,16.36
223,150,0.2,0,0.5,4,1,2.97
221,150,0.2,0,0.5,4,1,2.97
110,150,0.2,0,0.5,4,1,5.22
103,150,0.2,0,0.5,4,1,13.32
103,150,0.2,0,0.5,4,1,9.96
508,150,0.2,0,0.5,4,1,2.64
16,150,0.2,0,0.5,4,1,7.16
99,150,0.2,0,0.5,4,1,15.94
114,150,0.2,0,0.5,4,1,19.8
106,150,0.2,0,0.5,4,1,13.6
436,150,0.2,0,0.5,4,1,4.98
110,150,0.2,0,0.5,4,1,6.88
92,150,0.2,0,0.5,4,1,1.99
109,150,0.2,0,0.5,4,1,12.34
103,150,0.2,0,0.5,4,1,8.98
109,150,0.2,0,0.5,4,1,18.85
193,150,0.2,0,0.5,4,1,5.72
116,150,0.2,0,0.5,4,1,6.48
225,150,0.2,0,0.5,4,1,10.34
316,150,0.2,0,0.5,4,1,7.78
108,150,0.2,0,0.5,4,1,14.06
101,150,0.2,0,0.5,4,1,15.13
112,150,0.2,0,0.5,4,1,6.06
223,150,0.2,0,0.5,4,1,16.16
102,150,0.2,0,0.5,4,1,14.82
329,150,0.2,0,0.5,4,1,1.19
112,150,0.2,0,0.5,4,1,8.13
409,150,0.2,0,0.5,4,1,6.18
1,150,0.2,0,0.5,4,1,13.8
112,150,0.2,0,0.5,4,1,4.51
114,150,0.2,0,0.5,4,1,17.66
327,150,0.2,0,0.5,4,1,11.88
112,150,0.2,0,0.5,4,1,6.99
319,150,0.2,0,0.5,4,1,9.96
115,150,0.2,0,0.5,4,1,16.15
98,150,0.2,0,0.5,4,1,13.1
212,150,0.2,0,0.5,4,1,6.5
3,150,0.2,0,0.5,4,1,7.64
114,150,0.2,0,0.5,4,1,10.22
111,150,0.2,0,0.5,4,1,8.34
104,150,0.2,0,0.5,4,1,15.29
117,150,0.2,0,0.5,4,1,15.14
115,150,0.2,0,0.5,4,1,6.93
430,150,0.2,0,0.5,4,1,3.23
438,150,0.2,0,0.5,4,1,3.42
92,150,0.2,0,0.5,4,1,17.31
114,150,0.2,0,0.5,4,1,16.51
226,150,0.2,0,0.5,4,1,2.83
111,150,0.2,0,0.5,4,1,9.86
111,150,0.2,0,0.5,4,1,12.24
646,150,0.2,0,0.5,4,1,2.1
108,150,0.2,0,0.5,4,1,7.06
315,150,0.2,0,0.5,4,1,2.23
116,150,0.2,0,0.5,4,1,16.18
116,150,0.2,0,0.5,4,1,5.07
203,150,0.2,0,0.5,4,1,8.91
89,150,0.2,0,0.5,4,1,13.45
105,150,0.2,0,0.5,4,1,6.69
119,150,0.2,0,0.5,4,1,1.17
106,150,0.2,0,0.5,4,1,3.24
114,150,0.2,0,0.5,4,1,16.46
111,150,0.2,0,0.5,4,1,10.21
267,150,0.2,0,0.5,4,1,2.41
96,150,0.2,0,0.5,4,1,19.67
206,150,0.2,0,0.5,4,1,12.42
97,150,0.2,0,0.5,4,1,19.06
108,150,0.2,0,0.5,4,1,16.99
326,150,0.2,0,0.5,4,1,3.35
99,150,0.2,0,0.5,4,1,13.61
97,150,0.2,0,0.5,4,1,9.32
93,150,0.2,0,0.5,4,1,17.78
5,150,0.2,0,0.5,4,1,2.52
110,150,0.2,0,0.5,4,1,11.16
312,150,0.2,0,0.5,4,1,6.7
108,150,0.2,0,0.5,4,1,15.61
324,150,0.2,0,0.5,4,1,3.05
9,150,0.2,0,0.5,4,1,15.14
95,150,0.2,0,0.5,4,1,16.71
113,150,0.2,0,0.5,4,1,14.48
115,150,0.2,0,0.5,4,1,8.49
111,150,0.2,0,0.5,4,1,15.29
107,150,0.2,0,0.5,4,1,2.67
115,150,0.2,0,0.5,4,1,17.08
111,150,0.2,0,0.5,4,1,15.29
104,150,0.2,0,0.5,4,1,16.07
75,150,0.2,0,0.5,4,1,2.51
114,150,0.2,0,0.5,4,1,14.3
116,150,0.2,0,0.5,4,1,17.59
110,150,0.2,0,0.5,4,1,10.84
117,150,0.2,0,0.5,4,1,14.62
217,150,0.2,0,0.5,4,1,10.43
106,150,0.2,0,0.5,4,1,3.77
109,150,0.2,0,0.5,4,1,15.9
116,150,0.2,0,0.5,4,1,19.76
85,150,0.2,0,0.5,4,1,9.47
102,150,0.2,0,0.5,4,1,15.56
549,150,0.2,0,0.5,4,1,2.04
98,150,0.2,0,0.5,4,1,19.45
113,150,0.2,0,0.5,4,1,8.21
111,150,0.2,0,0.5,4,1,8.55
109,150,0.2,0,0.5,4,1,17.89
64,150,0.2,0,0.5,4,1,6.77
106,150,0.2,0,0.5,4,1,13.77
103,150,0.2,0,0.5,4,1,14.06
213,150,0.2,0,0.5,4,1,6.6
110,150,0.2,0,0.5,4,1,15.02
106,150,0.2,0,0.5,4,1,3.93
20,150,0.2,0,0.5,4,1,9.95
110,150,0.2,0,0.5,4,1,7.5
430,150,0.2,0,0.5,4,1,4.54
1,150,0.2,0,0.5,4,1,11.1
45,150,0.2,0,0.5,4,1,11.31
107,150,0.2,0,0.5,4,1,12.13
106,150,0.2,0,0.5,4,1,16.13
116,150,0.2,0,0.5,4,1,8.56
103,150,0.2,0,0.5,4,1,13.98
553,150,0.2,0,0.5,4,1,2.54
104,150,0.2,0,0.5,4,1,19.56
109,150,0.2,0,0.5,4,1,19.75
110,150,0.2,0,0.5,4,1,3.55
119,150,0.2,0,0.5,4,1,9.22
56,150,0.2,0,0.5,4,1,19.7
1,150,0.2,0,0.5,4,1,11.05
107,150,0.2,0,0.5,4,1,7.83
79,150,0.2,0,0.5,4,1,5.54
105,150,0.2,0,0.5,4,1,15.95
111,150,0.2,0,0.5,4,1,17.06
112,150,0.2,0,0.5,4,1,18.46
6,150,0.2,0,0.5,4,1,14.2
111,150,0.2,0,0.5,4,1,15.66
111,150,0.2,0,0.5,4,1,11.75
99,150,0.2,0,0.5,4,1,15.72
114,150,0.2,0,0.5,4,1,5.11
295,150,0.2,0,0.5,4,1,5.8
104,150,0.2,0,0.5,4,1,13.33
116,150,0.2,0,0.5,4,1,9.84
101,150,0.2,0,0.5,4,1,12.89
108,150,0.2,0,0.5,4,1,10.53
109,150,0.2,0,0.5,4,1,14.01
116,150,0.2,0,0.5,4,1,8.6
94,150,0.2,0,0.5,4,1,18.89
109,150,0.2,0,0.5,4,1,13.99
106,150,0.2,0,0.5,4,1,10.59
216,150,0.2,0,0.5,4,1,12.52
410,150,0.2,0,0.5,4,1,1.47
109,150,0.2,0,0.5,4,1,8.81
219,150,0.2,0,0.5,4,1,8.63
99,150,0.2,0,0.5,4,1,14.43
112,150,0.2,0,0.5,4,1,9.77
107,150,0.2,0,0.5,4,1,6.45
115,150,0.2,0,0.5,4,1,11.67
95,150,0.2,0,0.5,4,1,10.21
307,150,0.2,0,0.5,4,1,1.97
98,150,0.2,0,0.5,4,1,12.46
111,150,0.2,0,0.5,4,1,15.26
103,150,0.2,0,0.5,4,1,19.32
119,150,0.2,0,0.5,4,1,11.35
17,150,0.2,0,0.5,4,1,1.22
114,150,0.2,0,0.5,4,1,18.71
110,150,0.2,0,0.5,4,1,3.2
115,150,0.2,0,0.5,4,1,6.6
105,150,0.2,0,0.5,4,1,19.52
118,150,0.2,0,0.5,4,1,6.79
111,150,0.2,0,0.5,4,1,18.66
105,150,0.2,0,0.5,4,1,10.47
329,150,0.2,0,0.5,4,1,1.9
114,150,0.2,0,0.5,4,1,19.24
103,150,0.2,0,0.5,4,1,6.28
108,150,0.2,0,0.5,4,1,15.92
93,150,0.2,0,0.5,4,1,18.24
203,150,0.2,0,0.5,4,1,18.6
199,150,0.2,0,0.5,4,1,6.24
106,150,0.2,0,0.5,4,1,8.66
117,150,0.2,0,0.5,4,1,15.18
97,150,0.2,0,0.5,4,1,11.44
1,150,0.2,0,0.5,4,1,3.06
112,150,0.2,0,0.5,4,1,8.01
114,150,0.2,0,0.5,4,1,14.98
108,150,0.2,0,0.5,4,1,12.97
106,150,0.2,0,0.5,4,1,8.7
109,150,0.2,0,0.5,4,1,5.11
118,150,0.2,0,0.5,4,1,19.04
108,150,0.2,0,0.5,4,1,19.14
111,150,0.2,0,0.5,4,1,16.96
340,150,0.2,0,0.5,4,1,3.32
106,150,0.2,0,0.5,4,1,6.59
212,150,0.2,0,0.5,4,1,2.77
105,150,0.2,0,0.5,4,1,15.23
96,150,0.2,0,0.5,4,1,11.43
82,150,0.2,0,0.5,4,1,19.46
389,150,0.2,0,0.5,4,1,1.28
204,150,0.2,0,0.5,4,1,18.51
112,150,0.2,0,0.5,4,1,17.33
84,150,0.2,0,0.5,4,1,12.78
107,150,0.2,0,0.5,4,1,8.34
108,150,0.2,0,0.5,4,1,17.87
106,150,0.2,0,0.5,4,1,8.89
109,150,0.2,0,0.5,4,1,9.21
306,150,0.2,0,0.5,4,1,5.4
108,150,0.2,0,0.5,4,1,9.48
116,150,0.2,0,0.5,4,1,10.45
220,150,0.2,0,0.5,4,1,7.22
112,150,0.2,0,0.5,4,1,3.87
104,150,0.2,0,0.5,4,1,14.51
107,150,0.2,0,0.5,4,1,16.75
88,150,0.2,0,0.5,4,1,11.8
90,150,0.2,0,0.5,4,1,7.27
116,150,0.2,0,0.5,4,1,14.55
101,150,0.2,0,0.5,4,1,8.72
115,150,0.2,0,0.5,4,1,4.69
118,150,0.2,0,0.5,4,1,5.78
1,150,0.2,0,0.5,4,1,18.37
112,150,0.2,0,0.5,4,1,10.46
90,150,0.2,0,0.5,4,1,16.93
22,150,0.2,0,0.5,4,1,17.66
108,150,0.2,0,0.5,4,1,19.74
111,150,0.2,0,0.5,4,1,19.37
201,150,0.2,0,0.5,4,1,3.07
112,150,0.2,0,0.5,4,1,11.13
108,150,0.2,0,0.5,4,1,3.15
107,150,0.2,0,0.5,4,1,18.03
99,150,0.2,0,0.5,4,1,10.47
114,150,0.2,0,0.5,4,1,19.44
111,150,0.2,0,0.5,4,1,14.17
107,150,0.2,0,0.5,4,1,18.01
106,150,0.2,0,0.5,4,1,8.03
105,150,0.2,0,0.5,4,1,7.03
117,150,0.2,0,0.5,4,1,10.2
108,150,0.2,0,0.5,4,1,9.33
110,150,0.2,0,0.5,4,1,13.76
106,150,0.2,0,0.5,4,1,3.92
115,150,0.2,0,0.5,4,1,5.11
225,150,0.2,0,0.5,4,1,11.7
109,150,0.2,0,0.5,4,1,10.44
110,150,0.2,0,0.5,4,1,19.1
114,150,0.2,0,0.5,4,1,14.33
113,150,0.2,0,0.5,4,1,3.06
632,150,0.2,0,0.5,4,1,1.03
100,150,0.2,0,0.5,4,1,5.52
255,150,0.2,0,0.5,4,1,3.18
111,150,0.2,0,0.5,4,1,15.09
226,150,0.2,0,0.5,4,1,4.1
100,150,0.2,0,0.5,4,1,10.79
107,150,0.2,0,0.5,4,1,10.66
101,150,0.2,0,0.5,4,1,7.92
110,150,0.2,0,0.5,4,1,1.31
1,150,0.2,0,0.5,4,1,10.59
112,150,0.2,0,0.5,4,1,15.63
98,150,0.2,0,0.5,4,1,15.8
108,150,0.2,0,0.5,4,1,3.48
90,150,0.2,0,0.5,4,1,16.62
98,150,0.2,0,0.5,4,1,12.43
220,150,0.2,0,0.5,4,1,2.68
112,150,0.2,0,0.5,4,1,1.5
110,150,0.2,0,0.5,4,1,11.62
113,150,0.2,0,0.5,4,1,13.14
111,150,0.2,0,0.5,4,1,11.58
117,150,0.2,0,0.5,4,1,10.65
228,150,0.2,0,0.5,4,1,15.34
225,150,0.2,0,0.5,4,1,15.8
111,150,0.2,0,0.5,4,1,8.58
110,150,0.2,0,0.5,4,1,15.35
109,150,0.2,0,0.5,4,1,4.28
97,150,0.2,0,0.5,4,1,14.77
190,150,0.2,0,0.5,4,1,15.48
112,150,0.2,0,0.5,4,1,15.24
221,150,0.2,0,0.5,4,1,9.54
103,150,0.2,0,0.5,4,1,2.16
100,150,0.2,0,0.5,4,1,13.76
116,150,0.2,0,0.5,4,1,11.33
101,150,0.2,0,0.5,4,1,8.91
231,150,0.2,0,0.5,4,1,15.74
90,150,0.2,0,0.5,4,1,10.54
110,150,0.2,0,0.5,4,1,19.23
113,150,0.2,0,0.5,4,1,10.33
119,150,0.2,0,0.5,4,1,10.96
111,150,0.2,0,0.5,4,1,11.06
224,150,0.2,0,0.5,4,1,7.62
113,150,0.2,0,0.5,4,1,8.1
76,150,0.2,0,0.5,4,1,6.38
222,150,0.2,0,0.5,4,1,5.56
99,150,0.2,0,0.5,4,1,15.51
226,150,0.2,0,0.5,4,1,3.49
222,150,0.2,0,0.5,4,1,17.39
113,150,0.2,0,0.5,4,1,15.61
330,150,0.2,0,0.5,4,1,3.59
200,150,0.2,0,0.5,4,1,2.79
432,150,0.2,0,0.5,4,1,3.37
109,150,0.2,0,0.5,4,1,9.32
106,150,0.2,0,0.5,4,1,17.11
104,150,0.2,0,0.5,4,1,5.71
113,150,0.2,0,0.5,4,1,16.6
103,150,0.2,0,0.5,4,1,11.74
112,150,0.2,0,0.5,4,1,4.84
109,150,0.2,0,0.5,4,1,7.39
111,150,0.2,0,0.5,4,1,3.38
212,150,0.2,0,0.5,4,1,4.69
108,150,0.2,0,0.5,4,1,14.05
107,150,0.2,0,0.5,4,1,7.44
104,150,0.2,0,0.5,4,1,17.07
208,150,0.2,0,0.5,4,1,8.65
104,150,0.2,0,0.5,4,1,12.66
113,150,0.2,0,0.5,4,1,15.49
115,150,0.2,0,0.5,4,1,14.48
116,150,0.2,0,0.5,4,1,17.03
106,150,0.2,0,0.5,4,1,13.28
109,150,0.2,0,0.5,4,1,13.88
88,150,0.2,0,0.5,4,1,16.27
114,150,0.2,0,0.5,4,1,13.43
110,150,0.2,0,0.5,4,1,17.77
118,150,0.2,0,0.5,4,1,6.1
1,150,0.2,0,0.5,4,1,13.18
116,150,0.2,0,0.5,4,1,19.92
205,150,0.2,0,0.5,4,1,5.54
114,150,0.2,0,0.5,4,1,3.79
331,150,0.2,0,0.5,4,1,2.14
113,150,0.2,0,0.5,4,1,13.48
324,150,0.2,0,0.5,4,1,3.26
109,150,0.2,0,0.5,4,1,16.76
103,150,0.2,0,0.5,4,1,3.15
113,150,0.2,0,0.5,4,1,13.82
110,150,0.2,0,0.5,4,1,9.6
108,150,0.2,0,0.5,4,1,1.52
105,150,0.2,0,0.5,4,1,15.13
108,150,0.2,0,0.5,4,1,12.13
83,150,0.2,0,0.5,4,1,14.58
200,150,0.2,0,0.5,4,1,8.78
315,150,0.2,0,0.5,4,1,6.57
104,150,0.2,0,0.5,4,1,19.78
428,150,0.2,0,0.5,4,1,2.14
116,150,0.2,0,0.5,4,1,18.25
271,150,0.2,0,0.5,4,1,1.26
105,150,0.2,0,0.5,4,1,13.83
187,150,0.2,0,0.5,4,1,14.25
111,150,0.2,0,0.5,4,1,17.48
73,150,0.2,0,0.5,4,1,17.11
107,150,0.2,0,0.5,4,1,12.38
96,150,0.2,0,0.5,4,1,19.75
109,150,0.2,0,0.5,4,1,19.42
104,150,0.2,0,0.5,4,1,10.85
338,150,0.2,0,0.5,4,1,1.77
112,150,0.2,0,0.5,4,1,15.58
117,150,0.2,0,0.5,4,1,9.68
117,150,0.2,0,0.5,4,1,16.91
109,150,0.2,0,0.5,4,1,5.17
87,150,0.2,0,0.5,4,1,2.33
112,150,0.2,0,0.5,4,1,13.01
109,150,0.2,0,0.5,4,1,15.71
112,150,0.2,0,0.5,4,1,12.2
106,150,0.2,0,0.5,4,1,17.18
111,150,0.2,0,0.5,4,1,5.86
104,150,0.2,0,0.5,4,1,5.86
211,150,0.2,0,0.5,4,1,11.85
107,150,0.2,0,0.5,4,1,18.17
101,150,0.2,0,0.5,4,1,12.86
96,150,0.2,0,0.5,4,1,13.05
100,150,0.2,0,0.5,4,1,8.56
109,150,0.2,0,0.5,4,1,15
105,150,0.2,0,0.5,4,1,14.35
224,150,0.2,0,0.5,4,1,8.58
223,150,0.2,0,0.5,4,1,8.39
111,150,0.2,0,0.5,4,1,6.85
327,150,0.2,0,0.5,4,1,11.23
223,150,0.2,0,0.5,4,1,15.1
105,150,0.2,0,0.5,4,1,2.87
79,150,0.2,0,0.5,4,1,15.56
102,150,0.2,0,0.5,4,1,18.59
95,150,0.2,0,0.5,4,1,12.33
104,150,0.2,0,0.5,4,1,7.22
116,150,0.2,0,0.5,4,1,18.13
106,150,0.2,0,0.5,4,1,8.65
212,150,0.2,0,0.5,4,1,9.84
86,150,0.2,0,0.5,4,1,19.09
91,150,0.2,0,0.5,4,1,3.58
73,150,0.2,0,0.5,4,1,5.79
221,150,0.2,0,0.5,4,1,18.45
98,150,0.2,0,0.5,4,1,18.6
106,150,0.2,0,0.5,4,1,19.77
432,150,0.2,0,0.5,4,1,1.69
223,150,0.2,0,0.5,4,1,4.43
165,150,0.2,0,0.5,4,1,4.31
93,150,0.2,0,0.5,4,1,12.28
211,150,0.2,0,0.5,4,1,2.43
100,150,0.2,0,0.5,4,1,14.56
109,150,0.2,0,0.5,4,1,8.09
111,150,0.2,0,0.5,4,1,5.81
325,150,0.2,0,0.5,4,1,5.67
221,150,0.2,0,0.5,4,1,5.84
111,150,0.2,0,0.5,4,1,18.37
108,150,0.2,0,0.5,4,1,1.67
110,150,0.2,0,0.5,4,1,11.26
111,150,0.2,0,0.5,4,1,6.72
74,150,0.2,0,0.5,4,1,10.55
115,150,0.2,0,0.5,4,1,12.99
215,150,0.2,0,0.5,4,1,4.85
116,150,0.2,0,0.5,4,1,15.41
97,150,0.2,0,0.5,4,1,11.98
104,150,0.2,0,0.5,4,1,11.9
117,150,0.2,0,0.5,4,1,5.39
10,150,0.2,0,0.5,4,1,17.49
487,150,0.2,0,0.5,4,1,1.03
197,150,0.2,0,0.5,4,1,3.2
98,150,0.2,0,0.5,4,1,2.78
114,150,0.2,0,0.5,4,1,15.2
209,150,0.2,0,0.5,4,1,7.32
89,150,0.2,0,0.5,4,1,18.84
111,150,0.2,0,0.5,4,1,10.37
29,150,0.2,0,0.5,4,1,19.88
2,150,0.2,0,0.5,4,1,6.85
112,150,0.2,0,0.5,4,1,10.5
102,150,0.2,0,0.5,4,1,18.36
228,150,0.2,0,0.5,4,1,6.9
105,150,0.2,0,0.5,4,1,16.77
107,150,0.2,0,0.5,4,1,9.1
104,150,0.2,0,0.5,4,1,7.25
1,150,0.2,0,0.5,4,1,11.69
1,150,0.2,0,0.5,4,1,4.71
105,150,0.2,0,0.5,4,1,10
77,150,0.2,0,0.5,4,1,19.05
94,150,0.2,0,0.5,4,1,10.84
98,150,0.2,0,0.5,4,1,5.47
80,150,0.2,0,0.5,4,1,8.4
110,150,0.2,0,0.5,4,1,1.78
219,150,0.2,0,0.5,4,1,3.12
224,150,0.2,0,0.5,4,1,11.38
111,150,0.2,0,0.5,4,1,7.12
101,150,0.2,0,0.5,4,1,5.56
112,150,0.2,0,0.5,4,1,19.46
60,150,0.2,0,0.5,4,1,13.44
106,150,0.2,0,0.5,4,1,13.55
98,150,0.2,0,0.5,4,1,13.18
225,150,0.2,0,0.5,4,1,5.66
322,150,0.2,0,0.5,4,1,6
110,150,0.2,0,0.5,4,1,7.25
30,150,0.2,0,0.5,4,1,3.23
114,150,0.2,0,0.5,4,1,19.42
116,150,0.2,0,0.5,4,1,5.37
110,150,0.2,0,0.5,4,1,17.08
84,150,0.2,0,0.5,4,1,2.16
111,150,0.2,0,0.5,4,1,12.87
223,150,0.2,0,0.5,4,1,12.55
110,150,0.2,0,0.5,4,1,5.73
76,150,0.2,0,0.5,4,1,12.74
218,150,0.2,0,0.5,4,1,11.48
114,150,0.2,0,0.5,4,1,15.72
115,150,0.2,0,0.5,4,1,7.66
102,150,0.2,0,0.5,4,1,7.87
113,150,0.2,0,0.5,4,1,19.96
85,150,0.2,0,0.5,4,1,10.08
97,150,0.2,0,0.5,4,1,10.81
219,150,0.2,0,0.5,4,1,2.1
107,150,0.2,0,0.5,4,1,11.59
106,150,0.2,0,0.5,4,1,15.31
118,150,0.2,0,0.5,4,1,12.79
110,150,0.2,0,0.5,4,1,18.17
319,150,0.2,0,0.5,4,1,11.85
108,150,0.2,0,0.5,4,1,16.47
109,150,0.2,0,0.5,4,1,7.38
213,150,0.2,0,0.5,4,1,9.69
115,150,0.2,0,0.5,4,1,10.06
91,150,0.2,0,0.5,4,1,6.65
110,150,0.2,0,0.5,4,1,9.92
420,150,0.2,0,0.5,4,1,1.47
222,150,0.2,0,0.5,4,1,8.67
330,150,0.2,0,0.5,4,1,2.09
104,150,0.2,0,0.5,4,1,16.26
111,150,0.2,0,0.5,4,1,9.53
103,150,0.2,0,0.5,4,1,4.09
102,150,0.2,0,0.5,4,1,18.98
113,150,0.2,0,0.5,4,1,15.48
98,150,0.2,0,0.5,4,1,5.83
114,150,0.2,0,0.5,4,1,8.26
109,150,0.2,0,0.5,4,1,5.68
100,150,0.2,0,0.5,4,1,2.43
109,150,0.2,0,0.5,4,1,12.91
104,150,0.2,0,0.5,4,1,10.36
111,150,0.2,0,0.5,4,1,14.41
115,150,0.2,0,0.5,4,1,11.06
102,150,0.2,0,0.5,4,1,17.31
112,150,0.2,0,0.5,4,1,14.6
111,150,0.2,0,0.5,4,1,15.63
200,150,0.2,0,0.5,4,1,18.3
119,150,0.2,0,0.5,4,1,11.9
101,150,0.2,0,0.5,4,1,8.61
113,150,0.2,0,0.5,4,1,15.24
89,150,0.2,0,0.5,4,1,3.88
214,150,0.2,0,0.5,4,1,8.53
86,150,0.2,0,0.5,4,1,9.54
111,150,0.2,0,0.5,4,1,14.42
115,150,0.2,0,0.5,4,1,9.08
116,150,0.2,0,0.5,4,1,8.09
210,150,0.2,0,0.5,4,1,14.04
180,150,0.2,0,0.5,4,1,5.74
112,150,0.2,0,0.5,4,1,13.56
108,150,0.2,0,0.5,4,1,14.94
102,150,0.2,0,0.5,4,1,14.79
108,150,0.2,0,0.5,4,1,12.34
1,150,0.2,0,0.5,4,1,9.24
101,150,0.2,0,0.5,4,1,4.12
327,150,0.2,0,0.5,4,1,1.64
97,150,0.2,0,0.5,4,1,10.3
99,150,0.2,0,0.5,4,1,9.17
108,150,0.2,0,0.5,4,1,15.88
93,150,0.2,0,0.5,4,1,19.91
85,150,0.2,0,0.5,4,1,2.24
111,150,0.2,0,0.5,4,1,3.95
104,150,0.2,0,0.5,4,1,4.7
1,150,0.2,0,0.5,4,1,9.87
204,150,0.2,0,0.5,4,1,2.2
118,150,0.2,0,0.5,4,1,12.49
213,150,0.2,0,0.5,4,1,13.04
223,150,0.2,0,0.5,4,1,2.68
223,150,0.2,0,0.5,4,1,4.41
117,150,0.2,0,0.5,4,1,19
115,150,0.2,0,0.5,4,1,19.43
99,150,0.2,0,0.5,4,1,18.66
99,150,0.2,0,0.5,4,1,16.77
94,150,0.2,0,0.5,4,1,9.74
22,150,0.2,0,0.5,4,1,5.35
204,150,0.2,0,0.5,4,1,3.21
112,150,0.2,0,0.5,4,1,3.06
103,150,0.2,0,0.5,4,1,6.25
89,150,0.2,0,0.5,4,1,11.4
112,150,0.2,0,0.5,4,1,13.1
109,150,0.2,0,0.5,4,1,5.03
107,150,0.2,0,0.5,4,1,8.08
108,150,0.2,0,0.5,4,1,14.68
108,150,0.2,0,0.5,4,1,19.1
101,150,0.2,0,0.5,4,1,5.58
213,150,0.2,0,0.5,4,1,10.11
102,150,0.2,0,0.5,4,1,3.03
230,150,0.2,0,0.5,4,1,2.77
397,150,0.2,0,0.5,4,1,1.64
199,150,0.2,0,0.5,4,1,5.73
111,150,0.2,0,0.5,4,1,1.77
80,150,0.2,0,0.5,4,1,13.19
113,150,0.2,0,0.5,4,1,12.77
114,150,0.2,0,0.5,4,1,9.09
111,150,0.2,0,0.5,4,1,11.16
108,150,0.2,0,0.5,4,1,17.58
108,150,0.2,0,0.5,4,1,10.88
111,150,0.2,0,0.5,4,1,17.42
90,150,0.2,0,0.5,4,1,17.04
110,150,0.2,0,0.5,4,1,5.27
115,150,0.2,0,0.5,4,1,3.49
220,150,0.2,0,0.5,4,1,2.62
103,150,0.2,0,0.5,4,1,5
77,150,0.2,0,0.5,4,1,7.94
97,150,0.2,0,0.5,4,1,16.95
103,150,0.2,0,0.5,4,1,16.58
82,150,0.2,0,0.5,4,1,13.13
97,150,0.2,0,0.5,4,1,15.68
113,150,0.2,0,0.5,4,1,13.11
283,150,0.2,0,0.5,4,1,1.51
103,150,0.2,0,0.5,4,1,16.58
106,150,0.2,0,0.5,4,1,18.44
413,150,0.2,0,0.5,4,1,1.29
113,150,0.2,0,0.5,4,1,10.84
103,150,0.2,0,0.5,4,1,19.05
110,150,0.2,0,0.5,4,1,7.72
222,150,0.2,0,0.5,4,1,11.11
112,150,0.2,0,0.5,4,1,14.19
117,150,0.2,0,0.5,4,1,7.18
98,150,0.2,0,0.5,4,1,7.66
197,150,0.2,0,0.5,4,1,12.72
115,150,0.2,0,0.5,4,1,12.74
93,150,0.2,0,0.5,4,1,13.03
205,150,0.2,0,0.5,4,1,2.57
89,150,0.2,0,0.5,4,1,17.68
1,150,0.2,0,0.5,4,1,3.13
108,150,0.2,0,0.5,4,1,5.01
233,150,0.2,0,0.5,4,1,10.49
74,150,0.2,0,0.5,4,1,19.94
1,150,0.2,0,0.5,4,1,18.56
109,150,0.2,0,0.5,4,1,3.7
107,150,0.2,0,0.5,4,1,17.78
88,150,0.2,0,0.5,4,1,5.23
216,150,0.2,0,0.5,4,1,15.96
78,150,0.2,0,0.5,4,1,15.68
68,150,0.2,0,0.5,4,1,14.99
108,150,0.2,0,0.5,4,1,11.72
118,150,0.2,0,0.5,4,1,15.08
115,150,0.2,0,0.5,4,1,8.28
114,150,0.2,0,0.5,4,1,6.98
101,150,0.2,0,0.5,4,1,19.39
110,150,0.2,0,0.5,4,1,4.25
189,150,0.2,0,0.5,4,1,8.74
101,150,0.2,0,0.5,4,1,11.47
111,150,0.2,0,0.5,4,1,10.77
7,150,0.2,0,0.5,4,1,12.19
108,150,0.2,0,0.5,4,1,7.47
114,150,0.2,0,0.5,4,1,3.89
1,150,0.2,0,0.5,4,1,4.97
109,150,0.2,0,0.5,4,1,4.25
110,150,0.2,0,0.5,4,1,7.77
112,150,0.2,0,0.5,4,1,2.53
108,150,0.2,0,0.5,4,1,7.21
135,150,0.2,0,0.5,4,1,2.67
108,150,0.2,0,0.5,4,1,15.44
110,150,0.2,0,0.5,4,1,17.39
110,150,0.2,0,0.5,4,1,12.88
215,150,0.2,0,0.5,4,1,6.01
92,150,0.2,0,0.5,4,1,9.87
78,150,0.2,0,0.5,4,1,17.1
112,150,0.2,0,0.5,4,1,16.5
207,150,0.2,0,0.5,4,1,13.46
107,150,0.2,0,0.5,4,1,14.95
214,150,0.2,0,0.5,4,1,1.99
81,150,0.2,0,0.5,4,1,17.08
204,150,0.2,0,0.5,4,1,6.88
111,150,0.2,0,0.5,4,1,14.72
105,150,0.2,0,0.5,4,1,9.68
116,150,0.2,0,0.5,4,1,16.08
1,150,0.2,0,0.5,4,1,4.35
113,150,0.2,0,0.5,4,1,18.45
115,150,0.2,0,0.5,4,1,1.85
84,150,0.2,0,0.5,4,1,5.94
107,150,0.2,0,0.5,4,1,12.71
113,150,0.2,0,0.5,4,1,18.02
110,150,0.2,0,0.5,4,1,6.94
113,150,0.2,0,0.5,4,1,13.18
111,150,0.2,0,0.5,4,1,9.63
110,150,0.2,0,0.5,4,1,6.44
112,150,0.2,0,0.5,4,1,18.98
116,150,0.2,0,0.5,4,1,18.67
606,150,0.2,0,0.5,4,1,2.33
84,150,0.2,0,0.5,4,1,10.32
107,150,0.2,0,0.5,4,1,3.61
84,150,0.2,0,0.5,4,1,3.77
112,150,0.2,0,0.5,4,1,13.4
220,150,0.2,0,0.5,4,1,8.94
108,150,0.2,0,0.5,4,1,12.07
100,150,0.2,0,0.5,4,1,6.67
113,150,0.2,0,0.5,4,1,17.51
390,150,0.2,0,0.5,4,1,1.48
101,150,0.2,0,0.5,4,1,3.77
88,150,0.2,0,0.5,4,1,9.12
107,150,0.2,0,0.5,4,1,11.64
229,150,0.2,0,0.5,4,1,10.47
62,150,0.2,0,0.5,4,1,3.59
118,150,0.2,0,0.5,4,1,3.45
210,150,0.2,0,0.5,4,1,10.13
290,150,0.2,0,0.5,4,1,2.07
99,150,0.2,0,0.5,4,1,8.77
111,150,0.2,0,0.5,4,1,3.04
108,150,0.2,0,0.5,4,1,13.6
103,150,0.2,0,0.5,4,1,4.8
219,150,0.2,0,0.5,4,1,3.02
3,150,0.2,0,0.5,4,1,16.31
109,150,0.2,0,0.5,4,1,18.44
105,150,0.2,0,0.5,4,1,7.68
113,150,0.2,0,0.5,4,1,17.17
112,150,0.2,0,0.5,4,1,12.2
215,150,0.2,0,0.5,4,1,11.96
214,150,0.2,0,0.5,4,1,9.89
93,150,0.2,0,0.5,4,1,18.61
102,150,0.2,0,0.5,4,1,15.32
97,150,0.2,0,0.5,4,1,14.95
111,150,0.2,0,0.5,4,1,10.71
115,150,0.2,0,0.5,4,1,8.46
120,150,0.2,0,0.5,4,1,18.01
115,150,0.2,0,0.5,4,1,12.71
107,150,0.2,0,0.5,4,1,13.73
108,150,0.2,0,0.5,4,1,11.43
82,150,0.2,0,0.5,4,1,17.23
102,150,0.2,0,0.5,4,1,12.33
220,150,0.2,0,0.5,4,1,5.03
95,150,0.2,0,0.5,4,1,19.82
105,150,0.2,0,0.5,4,1,3.92
104,150,0.2,0,0.5,4,1,16.96
93,150,0.2,0,0.5,4,1,19.58
10,150,0.2,0,0.5,4,1,10.3
93,150,0.2,0,0.5,4,1,5.28
57,150,0.2,0,0.5,4,1,11.64
114,150,0.2,0,0.5,4,1,8.56
117,150,0.2,0,0.5,4,1,5.35
114,150,0.2,0,0.5,4,1,19.41
1,150,0.2,0,0.5,4,1,15.91
101,150,0.2,0,0.5,4,1,3.06
217,150,0.2,0,0.5,4,1,3.24
107,150,0.2,0,0.5,4,1,6.88
227,150,0.2,0,0.5,4,1,4.84
217,150,0.2,0,0.5,4,1,7.54
431,150,0.2,0,0.5,4,1,5.92
102,150,0.2,0,0.5,4,1,18.45
108,150,0.2,0,0.5,4,1,7.53
110,150,0.2,0,0.5,4,1,8.8
213,150,0.2,0,0.5,4,1,8.81
117,150,0.2,0,0.5,4,1,19.01
117,150,0.2,0,0.5,4,1,5.27
225,150,0.2,0,0.5,4,1,3.51
110,150,0.2,0,0.5,4,1,17.61
113,150,0.2,0,0.5,4,1,9.68
104,150,0.2,0,0.5,4,1,17.99
20,150,0.2,0,0.5,4,1,16.51
219,150,0.2,0,0.5,4,1,12.03
98,150,0.2,0,0.5,4,1,15.88
107,150,0.2,0,0.5,4,1,19.51
99,150,0.2,0,0.5,4,1,17.51
1,150,0.2,0,0.5,4,1,13.31
102,150,0.2,0,0.5,4,1,17.3
102,150,0.2,0,0.5,4,1,18.67
1,150,0.2,0,0.5,4,1,2.39
202,150,0.2,0,0.5,4,1,6.21
116,150,0.2,0,0.5,4,1,14.27
597,150,0.2,0,0.5,4,1,2.88
222,150,0.2,0,0.5,4,1,16.29
1,150,0.2,0,0.5,4,1,4.43
1,150,0.2,0,0.5,4,1,19.49
211,150,0.2,0,0.5,4,1,5.88
108,150,0.2,0,0.5,4,1,15.59
110,150,0.2,0,0.5,4,1,16.64
91,150,0.2,0,0.5,4,1,15.74
110,150,0.2,0,0.5,4,1,15.48
81,150,0.2,0,0.5,4,1,10.01
228,150,0.2,0,0.5,4,1,12.25
23,150,0.2,0,0.5,4,1,17.58
207,150,0.2,0,0.5,4,1,17.05
110,150,0.2,0,0.5,4,1,8.4
110,150,0.2,0,0.5,4,1,7.87
112,150,0.2,0,0.5,4,1,10.87
339,150,0.2,0,0.5,4,1,2.41
101,150,0.2,0,0.5,4,1,6.6
210,150,0.2,0,0.5,4,1,11.32
206,150,0.2,0,0.5,4,1,3.46
108,150,0.2,0,0.5,4,1,12.66
208,150,0.2,0,0.5,4,1,6.12
104,150,0.2,0,0.5,4,1,8.46
111,150,0.2,0,0.5,4,1,11.66
110,150,0.2,0,0.5,4,1,4.44
114,150,0.2,0,0.5,4,1,18.86
101,150,0.2,0,0.5,4,1,16.14
107,150,0.2,0,0.5,4,1,19.42
106,150,0.2,0,0.5,4,1,13.64
106,150,0.2,0,0.5,4,1,12.44
112,150,0.2,0,0.5,4,1,4.54
149,150,0.2,0,0.5,4,1,4.33
233,150,0.2,0,0.5,4,1,9.5
109,150,0.2,0,0.5,4,1,5.66
109,150,0.2,0,0.5,4,1,15.93
109,150,0.2,0,0.5,4,1,7.19
113,150,0.2,0,0.5,4,1,8.57
107,150,0.2,0,0.5,4,1,13.22
103,150,0.2,0,0.5,4,1,10.61
224,150,0.2,0,0.5,4,1,13.39
107,150,0.2,0,0.5,4,1,16.45
97,150,0.2,0,0.5,4,1,8.18
107,150,0.2,0,0.5,4,1,11.82
106,150,0.2,0,0.5,4,1,10.61
97,150,0.2,0,0.5,4,1,13.48
95,150,0.2,0,0.5,4,1,8.16
332,150,0.2,0,0.5,4,1,3.97
111,150,0.2,0,0.5,4,1,3.54
96,150,0.2,0,0.5,4,1,17.58
2,150,0.2,0,0.5,4,1,9.62
114,150,0.2,0,0.5,4,1,8.5
226,150,0.2,0,0.5,4,1,17.16
319,150,0.2,0,0.5,4,1,1.13
113,150,0.2,0,0.5,4,1,10.8
115,150,0.2,0,0.5,4,1,10.73
112,150,0.2,0,0.5,4,1,16.39
108,150,0.2,0,0.5,4,1,14.63
97,150,0.2,0,0.5,4,1,10.5
210,150,0.2,0,0.5,4,1,5.78
187,150,0.2,0,0.5,4,1,5.2
96,150,0.2,0,0.5,4,1,2.37
630,150,0.2,0,0.5,4,1,1.16
1,150,0.2,0,0.5,4,1,16.7
105,150,0.2,0,0.5,4,1,18.37
224,150,0.2,0,0.5,4,1,18.48
106,150,0.2,0,0.5,4,1,6.44
112,150,0.2,0,0.5,4,1,7.81
114,150,0.2,0,0.5,4,1,7.22
208,150,0.2,0,0.5,4,1,6.43
109,150,0.2,0,0.5,4,1,12.92
111,150,0.2,0,0.5,4,1,15.14
198,150,0.2,0,0.5,4,1,17.74
117,150,0.2,0,0.5,4,1,3.81
110,150,0.2,0,0.5,4,1,10.67
105,150,0.2,0,0.5,4,1,6.26
6,150,0.2,0,0.5,4,1,14.66
112,150,0.2,0,0.5,4,1,13.68
112,150,0.2,0,0.5,4,1,15.01
113,150,0.2,0,0.5,4,1,15.38
106,150,0.2,0,0.5,4,1,17.18
99,150,0.2,0,0.5,4,1,16.57
116,150,0.2,0,0.5,4,1,2.21
221,150,0.2,0,0.5,4,1,2.53
105,150,0.2,0,0.5,4,1,9.09
100,150,0.2,0,0.5,4,1,7.89
203,150,0.2,0,0.5,4,1,15.8
94,150,0.2,0,0.5,4,1,18.34
95,150,0.2,0,0.5,4,1,10.47
105,150,0.2,0,0.5,4,1,15.22
110,150,0.2,0,0.5,4,1,17.9
110,150,0.2,0,0.5,4,1,5.37
205,150,0.2,0,0.5,4,1,3.41
116,150,0.2,0,0.5,4,1,14.69
107,150,0.2,0,0.5,4,1,9.07
214,150,0.2,0,0.5,4,1,4.72
1,150,0.2,0,0.5,4,1,19.9
110,150,0.2,0,0.5,4,1,17.07
212,150,0.2,0,0.5,4,1,7.39
90,150,0.2,0,0.5,4,1,9.69
216,150,0.2,0,0.5,4,1,1.67
94,150,0.2,0,0.5,4,1,7.66
107,150,0.2,0,0.5,4,1,13.62
117,150,0.2,0,0.5,4,1,5.92
113,150,0.2,0,0.5,4,1,10.36
106,150,0.2,0,0.5,4,1,4.3
92,150,0.2,0,0.5,4,1,7.19
102,150,0.2,0,0.5,4,1,17.59
109,150,0.2,0,0.5,4,1,16.6
199,150,0.2,0,0.5,4,1,3.84
112,150,0.2,0,0.5,4,1,12.67
112,150,0.2,0,0.5,4,1,1.81
111,150,0.2,0,0.5,4,1,10.09
110,150,0.2,0,0.5,4,1,18.32
211,150,0.2,0,0.5,4,1,3.92
101,150,0.2,0,0.5,4,1,13.77
110,150,0.2,0,0.5,4,1,3.77
212,150,0.2,0,0.5,4,1,7.92
114,150,0.2,0,0.5,4,1,16.2
115,150,0.2,0,0.5,4,1,12.9
114,150,0.2,0,0.5,4,1,18.87
229,150,0.2,0,0.5,4,1,8
111,150,0.2,0,0.5,4,1,17.19
106,150,0.2,0,0.5,4,1,7.99
1,150,0.2,0,0.5,4,1,13.03
106,150,0.2,0,0.5,4,1,10.41
628,150,0.2,0,0.5,4,1,1.45
99,150,0.2,0,0.5,4,1,5.72
61,150,0.2,0,0.5,4,1,15.31
117,150,0.2,0,0.5,4,1,13.2
215,150,0.2,0,0.5,4,1,11.67
112,150,0.2,0,0.5,4,1,18.72
104,150,0.2,0,0.5,4,1,15.83
103,150,0.2,0,0.5,4,1,18.93
117,150,0.2,0,0.5,4,1,3.93
226,150,0.2,0,0.5,4,1,11.11
112,150,0.2,0,0.5,4,1,6.38
181,150,0.2,0,0.5,4,1,3.17
108,150,0.2,0,0.5,4,1,4.43
113,150,0.2,0,0.5,4,1,19.87
109,150,0.2,0,0.5,4,1,19.88
103,150,0.2,0,0.5,4,1,18.43
103,150,0.2,0,0.5,4,1,3.9
227,150,0.2,0,0.5,4,1,7.71
109,150,0.2,0,0.5,4,1,10.92
549,150,0.2,0,0.5,4,1,2.37
217,150,0.2,0,0.5,4,1,13.96
109,150,0.2,0,0.5,4,1,9.24
214,150,0.2,0,0.5,4,1,12.74
107,150,0.2,0,0.5,4,1,15.58
108,150,0.2,0,0.5,4,1,17.41
107,150,0.2,0,0.5,4,1,12.52
105,150,0.2,0,0.5,4,1,10.23
109,150,0.2,0,0.5,4,1,4.77
1,150,0.2,0,0.5,4,1,14.68
216,150,0.2,0,0.5,4,1,5.16
107,150,0.2,0,0.5,4,1,12.29
112,150,0.2,0,0.5,4,1,19.43
107,150,0.2,0,0.5,4,1,13.21
105,150,0.2,0,0.5,4,1,5.5
102,150,0.2,0,0.5,4,1,19.96
112,150,0.2,0,0.5,4,1,3.78
224,150,0.2,0,0.5,4,1,6.72
108,150,0.2,0,0.5,4,1,1.71
83,150,0.2,0,0.5,4,1,12.42
116,150,0.2,0,0.5,4,1,6.11
101,150,0.2,0,0.5,4,1,4.46
205,150,0.2,0,0.5,4,1,9.38
213,150,0.2,0,0.5,4,1,6.7
198,150,0.2,0,0.5,4,1,9.28
385,150,0.2,0,0.5,4,1,1.16
11,150,0.2,0,0.5,4,1,16.53
87,150,0.2,0,0.5,4,1,9.24
107,150,0.2,0,0.5,4,1,5.47
100,150,0.2,0,0.5,4,1,15.68
102,150,0.2,0,0.5,4,1,6.64
103,150,0.2,0,0.5,4,1,16.76
107,150,0.2,0,0.5,4,1,11.86
109,150,0.2,0,0.5,4,1,13.2
107,150,0.2,0,0.5,4,1,19.95
499,150,0.2,0,0.5,4,1,1.64
226,150,0.2,0,0.5,4,1,5.77
114,150,0.2,0,0.5,4,1,19.62
115,150,0.2,0,0.5,4,1,17.19
112,150,0.2,0,0.5,4,1,11.8
112,150,0.2,0,0.5,4,1,5.67
104,150,0.2,0,0.5,4,1,16.6
48,150,0.2,0,0.5,4,1,18.16
99,150,0.2,0,0.5,4,1,5.46
115,150,0.2,0,0.5,4,1,15.95
95,150,0.2,0,0.5,4,1,19.5
221,150,0.2,0,0.5,4,1,2.04
101,150,0.2,0,0.5,4,1,18.47
107,150,0.2,0,0.5,4,1,2.76
112,150,0.2,0,0.5,4,1,6.11
218,150,0.2,0,0.5,4,1,12.96
93,150,0.2,0,0.5,4,1,5.11
99,150,0.2,0,0.5,4,1,19.41
75,150,0.2,0,0.5,4,1,19.35
103,150,0.2,0,0.5,4,1,16.58
114,150,0.2,0,0.5,4,1,13.39
112,150,0.2,0,0.5,4,1,19.98
217,150,0.2,0,0.5,4,1,17.27
112,150,0.2,0,0.5,4,1,7.17
105,150,0.2,0,0.5,4,1,18.71
102,150,0.2,0,0.5,4,1,11.58
110,150,0.2,0,0.5,4,1,19.15
116,150,0.2,0,0.5,4,1,7.04
226,150,0.2,0,0.5,4,1,4.82
223,150,0.2,0,0.5,4,1,4.83
105,150,0.2,0,0.5,4,1,12.46
105,150,0.2,0,0.5,4,1,16.44
116,150,0.2,0,0.5,4,1,19.57
193,150,0.2,0,0.5,4,1,2.63
284,150,0.2,0,0.5,4,1,2.17
105,150,0.2,0,0.5,4,1,10.17
226,150,0.2,0,0.5,4,1,14.88
58,150,0.2,0,0.5,4,1,6.21
101,150,0.2,0,0.5,4,1,10.31
103,150,0.2,0,0.5,4,1,14.84
105,150,0.2,0,0.5,4,1,13.31
99,150,0.2,0,0.5,4,1,17
115,150,0.2,0,0.5,4,1,8.65
97,150,0.2,0,0.5,4,1,3.25
97,150,0.2,0,0.5,4,1,5.07
3,150,0.2,0,0.5,4,1,9.25
97,150,0.2,0,0.5,4,1,17.99
193,150,0.2,0,0.5,4,1,2.2
42,150,0.2,0,0.5,4,1,13.79
552,150,0.2,0,0.5,4,1,2.32
113,150,0.2,0,0.5,4,1,12.48
115,150,0.2,0,0.5,4,1,16.22
188,150,0.2,0,0.5,4,1,5.61
222,150,0.2,0,0.5,4,1,5.61
115,150,0.2,0,0.5,4,1,16.1
110,150,0.2,0,0.5,4,1,9.38
111,150,0.2,0,0.5,4,1,16.05
113,150,0.2,0,0.5,4,1,5.05
103,150,0.2,0,0.5,4,1,11.19
330,150,0.2,0,0.5,4,1,2.61
114,150,0.2,0,0.5,4,1,17.17
105,150,0.2,0,0.5,4,1,6.75
111,150,0.2,0,0.5,4,1,19.32
108,150,0.2,0,0.5,4,1,15.19
104,150,0.2,0,0.5,4,1,15.56
101,150,0.2,0,0.5,4,1,19.35
100,150,0.2,0,0.5,4,1,9.08
108,150,0.2,0,0.5,4,1,6
115,150,0.2,0,0.5,4,1,13.34
109,150,0.2,0,0.5,4,1,4.11
113,150,0.2,0,0.5,4,1,18.33
2,150,0.2,0,0.5,4,1,9.08
108,150,0.2,0,0.5,4,1,15.76
540,150,0.2,0,0.5,4,1,1.45
107,150,0.2,0,0.5,4,1,12.39
104,150,0.2,0,0.5,4,1,8.68
188,150,0.2,0,0.5,4,1,11.59
114,150,0.2,0,0.5,4,1,9.88
1,150,0.2,0,0.5,4,1,13.54
107,150,0.2,0,0.5,4,1,5.03
113,150,0.2,0,0.5,4,1,17.99
102,150,0.2,0,0.5,4,1,11.6
230,150,0.2,0,0.5,4,1,9.43
113,150,0.2,0,0.5,4,1,6.99
115,150,0.2,0,0.5,4,1,6.24
116,150,0.2,0,0.5,4,1,17.9
100,150,0.2,0,0.5,4,1,15.75
99,150,0.2,0,0.5,4,1,14.8
105,150,0.2,0,0.5,4,1,7.12
110,150,0.2,0,0.5,4,1,18.51
99,150,0.2,0,0.5,4,1,2.26
1,150,0.2,0,0.5,4,1,15.41
117,150,0.2,0,0.5,4,1,18.72
106,150,0.2,0,0.5,4,1,17.6
114,150,0.2,0,0.5,4,1,16.94
51,150,0.2,0,0.5,4,1,16.96
108,150,0.2,0,0.5,4,1,5.17
103,150,0.2,0,0.5,4,1,12.09
105,150,0.2,0,0.5,4,1,8.46
219,150,0.2,0,0.5,4,1,2.39
1,150,0.2,0,0.5,4,1,2.04
110,150,0.2,0,0.5,4,1,9.26
110,150,0.2,0,0.5,4,1,14.99
107,150,0.2,0,0.5,4,1,4.97
214,150,0.2,0,0.5,4,1,14.24
3,150,0.2,0,0.5,4,1,11.12
95,150,0.2,0,0.5,4,1,14.89
116,150,0.2,0,0.5,4,1,2.18
108,150,0.2,0,0.5,4,1,5.3
222,150,0.2,0,0.5,4,1,4.79
110,150,0.2,0,0.5,4,1,14.78
111,150,0.2,0,0.5,4,1,15.57
197,150,0.2,0,0.5,4,1,6.75
86,150,0.2,0,0.5,4,1,13.45
303,150,0.2,0,0.5,4,1,4.59
111,150,0.2,0,0.5,4,1,5.7
2,150,0.2,0,0.5,4,1,8.22
110,150,0.2,0,0.5,4,1,14.32
105,150,0.2,0,0.5,4,1,12.16
220,150,0.2,0,0.5,4,1,2.98
315,150,0.2,0,0.5,4,1,3.04
101,150,0.2,0,0.5,4,1,18.65
110,150,0.2,0,0.5,4,1,11.64
2,150,0.2,0,0.5,4,1,9.3
113,150,0.2,0,0.5,4,1,16.21
109,150,0.2,0,0.5,4,1,12.11
107,150,0.2,0,0.5,4,1,19.01
109,150,0.2,0,0.5,4,1,12.38
89,150,0.2,0,0.5,4,1,13.33
114,150,0.2,0,0.5,4,1,3.8
306,150,0.2,0,0.5,4,1,12.46
107,150,0.2,0,0.5,4,1,9.58
112,150,0.2,0,0.5,4,1,15.88
108,150,0.2,0,0.5,4,1,8.31
211,150,0.2,0,0.5,4,1,9.76
108,150,0.2,0,0.5,4,1,2.25
441,150,0.2,0,0.5,4,1,4.11
105,150,0.2,0,0.5,4,1,9.19
208,150,0.2,0,0.5,4,1,12.87
103,150,0.2,0,0.5,4,1,17.11
116,150,0.2,0,0.5,4,1,14.51
101,150,0.2,0,0.5,4,1,8.81
217,150,0.2,0,0.5,4,1,10.8
204,150,0.2,0,0.5,4,1,6.7
100,150,0.2,0,0.5,4,1,13.85
114,150,0.2,0,0.5,4,1,9.52
107,150,0.2,0,0.5,4,1,4.43
90,150,0.2,0,0.5,4,1,5.64
324,150,0.2,0,0.5,4,1,5.71
1,150,0.2,0,0.5,4,1,8.51
101,150,0.2,0,0.5,4,1,19.98
1,150,0.2,0,0.5,4,1,1.09
219,150,0.2,0,0.5,4,1,5.62
118,150,0.2,0,0.5,4,1,14.96
117,150,0.2,0,0.5,4,1,5.48
83,150,0.2,0,0.5,4,1,18.9
110,150,0.2,0,0.5,4,1,4.15
283,150,0.2,0,0.5,4,1,4.5
232,150,0.2,0,0.5,4,1,9.21
112,150,0.2,0,0.5,4,1,17.52
116,150,0.2,0,0.5,4,1,17.67
83,150,0.2,0,0.5,4,1,19.98
484,150,0.2,0,0.5,4,1,2.21
280,150,0.2,0,0.5,4,1,2.56
104,150,0.2,0,0.5,4,1,6.74
105,150,0.2,0,0.5,4,1,19.81
2,150,0.2,0,0.5,4,1,11
218,150,0.2,0,0.5,4,1,2.25
224,150,0.2,0,0.5,4,1,8.4
114,150,0.2,0,0.5,4,1,8.8
102,150,0.2,0,0.5,4,1,14.23
110,150,0.2,0,0.5,4,1,3.19
112,150,0.2,0,0.5,4,1,11.5
116,150,0.2,0,0.5,4,1,6.97
110,150,0.2,0,0.5,4,1,18.65
191,150,0.2,0,0.5,4,1,19.28
220,150,0.2,0,0.5,4,1,2.18
101,150,0.2,0,0.5,4,1,18.08
109,150,0.2,0,0.5,4,1,13.81
108,150,0.2,0,0.5,4,1,3.16
330,150,0.2,0,0.5,4,1,3.08
201,150,0.2,0,0.5,4,1,1.88
105,150,0.2,0,0.5,4,1,3.85
116,150,0.2,0,0.5,4,1,18.51
112,150,0.2,0,0.5,4,1,18.58
307,150,0.2,0,0.5,4,1,2.95
92,150,0.2,0,0.5,4,1,13.22
456,150,0.2,0,0.5,4,1,1.46
98,150,0.2,0,0.5,4,1,13.66
63,150,0.2,0,0.5,4,1,19.13
98,150,0.2,0,0.5,4,1,17.4
109,150,0.2,0,0.5,4,1,14.72
204,150,0.2,0,0.5,4,1,17.42
226,150,0.2,0,0.5,4,1,8.35
111,150,0.2,0,0.5,4,1,13.37
115,150,0.2,0,0.5,4,1,15.32
104,150,0.2,0,0.5,4,1,15.46
1,150,0.2,0,0.5,4,1,5.59
102,150,0.2,0,0.5,4,1,16.9
114,150,0.2,0,0.5,4,1,17.12
114,150,0.2,0,0.5,4,1,3.72
105,150,0.2,0,0.5,4,1,4.06
302,150,0.2,0,0.5,4,1,5.2
71,150,0.2,0,0.5,4,1,15.27
101,150,0.2,0,0.5,4,1,8.69
114,150,0.2,0,0.5,4,1,17.31
217,150,0.2,0,0.5,4,1,11.42
107,150,0.2,0,0.5,4,1,14.16
113,150,0.2,0,0.5,4,1,3.76
92,150,0.2,0,0.5,4,1,8.91
114,150,0.2,0,0.5,4,1,18.59
112,150,0.2,0,0.5,4,1,19.24
112,150,0.2,0,0.5,4,1,18.32
108,150,0.2,0,0.5,4,1,7.92
108,150,0.2,0,0.5,4,1,14.95
104,150,0.2,0,0.5,4,1,11.31
99,150,0.2,0,0.5,4,1,10.98
208,150,0.2,0,0.5,4,1,5.67
617,150,0.2,0,0.5,4,1,1.35
74,150,0.2,0,0.5,4,1,19.76
117,150,0.2,0,0.5,4,1,12.68
90,150,0.2,0,0.5,4,1,16.88
1,150,0.2,0,0.5,4,1,14.3
101,150,0.2,0,0.5,4,1,10.01
118,150,0.2,0,0.5,4,1,11.16
307,150,0.2,0,0.5,4,1,2.2
98,150,0.2,0,0.5,4,1,16.77
116,150,0.2,0,0.5,4,1,18.42
114,150,0.2,0,0.5,4,1,13.88
215,150,0.2,0,0.5,4,1,16.19
8,150,0.2,0,0.5,4,1,17.72
